"time","U-15.port1.voltage","U-15.port1.current","LOAD-28.port1.voltage","LOAD-28.port1.current","U-14.port1.voltage","U-14.port1.current","Q-11.port1.voltage","Q-11.port1.current","Q-11.port2.voltage","Q-11.port2.current","LOAD-30.port1.voltage","LOAD-30.port1.current","LOAD-27.port1.voltage","LOAD-27.port1.current","Q-14.port1.voltage","Q-14.port1.current","Q-14.port2.voltage","Q-14.port2.current","Q-16.port1.voltage","Q-16.port1.current","Q-16.port2.voltage","Q-16.port2.current","Q-18.port1.voltage","Q-18.port1.current","Q-18.port2.voltage","Q-18.port2.current","Q-13.port1.voltage","Q-13.port1.current","Q-13.port2.voltage","Q-13.port2.current","BUS-8.port1.voltage","BUS-8.port1.current","BUS-8.port2.voltage","BUS-8.port2.current","BUS-8.port3.voltage","BUS-8.port3.current","BUS-8.port4.voltage","BUS-8.port4.current","BUS-8.port5.voltage","BUS-8.port5.current","BUS-8.port6.voltage","BUS-8.port6.current","LOAD-26.port1.voltage","LOAD-26.port1.current","Q-17.port1.voltage","Q-17.port1.current","Q-17.port2.voltage","Q-17.port2.current","Q-12.port1.voltage","Q-12.port1.current","Q-12.port2.voltage","Q-12.port2.current"
0,800,0,800,0,800,0,700,0,700,0,800,0,800,0,700,0,700,0,700,0,700,0,700,0,700,0,700,0,700,0,350,0,350,0,350,0,350,0,350,0,350,0,800,0,700,0,700,0,350,0,350,0
0.0005025125628140704,800,0,800,0,800,0,800,0,800,0,800,0,800,0,800,0,800,0,800,0,800,0,800,0,800,0,800,0,800,0,800,0,800,0,800,0,800,0,800,0,800,0,800,0,800,0,800,0,800,0,800,0
0.0010050251256281408,800,0,800,0,800,0,800,0,800,0,800,0,800,0,800,0,800,0,800,0,800,0,800,0,800,0,800,0,800,0,800,0,800,0,800,0,800,0,800,0,800,0,800,0,800,0,800,0,800,0,800,0
0.001507537688442211,800,0,800,0,800,0,800,0,800,0,800,0,800,0,800,0,800,0,800,0,800,0,800,0,800,0,800,0,800,0,800,0,800,0,800,0,800,0,800,0,800,0,800,0,800,0,800,0,800,0,800,0
0.0020100502512562816,800,0,800,0,800,0,800,0,800,0,800,0,800,0,800,0,800,0,800,0,800,0,800,0,800,0,800,0,800,0,800,0,800,0,800,0,800,0,800,0,800,0,800,0,800,0,800,0,800,0,800,0
0.002512562814070352,800,0,800,0,800,0,800,0,800,0,800,0,800,0,800,0,800,0,800,0,800,0,800,0,800,0,800,0,800,0,800,0,800,0,800,0,800,0,800,0,800,0,800,0,800,0,800,0,800,0,800,0
0.003015075376884422,800,0,800,0,800,0,800,0,800,0,800,0,800,0,800,0,800,0,800,0,800,0,800,0,800,0,800,0,800,0,800,0,800,0,800,0,800,0,800,0,800,0,800,0,800,0,800,0,800,0,800,0
0.0035175879396984926,800,0,800,0,800,0,800,0,800,0,800,0,800,0,800,0,800,0,800,0,800,0,800,0,800,0,800,0,800,0,800,0,800,0,800,0,800,0,800,0,800,0,800,0,800,0,800,0,800,0,800,0
0.004020100502512563,800,0,800,0,800,0,800,0,800,0,800,0,800,0,800,0,800,0,800,0,800,0,800,0,800,0,800,0,800,0,800,0,800,0,800,0,800,0,800,0,800,0,800,0,800,0,800,0,800,0,800,0
0.004522613065326633,800,0,800,0,800,0,800,0,800,0,800,0,800,0,800,0,800,0,800,0,800,0,800,0,800,0,800,0,800,0,800,0,800,0,800,0,800,0,800,0,800,0,800,0,800,0,800,0,800,0,800,0
0.005025125628140704,800,0,800,0,800,0,800,0,800,0,800,0,800,0,800,0,800,0,800,0,800,0,800,0,800,0,800,0,800,0,800,0,800,0,800,0,800,0,800,0,800,0,800,0,800,0,800,0,800,0,800,0
0.005527638190954774,800,0,800,0,800,0,800,0,800,0,800,0,800,0,800,0,800,0,800,0,800,0,800,0,800,0,800,0,800,0,800,0,800,0,800,0,800,0,800,0,800,0,800,0,800,0,800,0,800,0,800,0
0.006030150753768844,800,0,800,0,800,0,800,0,800,0,800,0,800,0,800,0,800,0,800,0,800,0,800,0,800,0,800,0,800,0,800,0,800,0,800,0,800,0,800,0,800,0,800,0,800,0,800,0,800,0,800,0
0.006532663316582915,800,0,800,0,800,0,800,0,800,0,800,0,800,0,800,0,800,0,800,0,800,0,800,0,800,0,800,0,800,0,800,0,800,0,800,0,800,0,800,0,800,0,800,0,800,0,800,0,800,0,800,0
0.007035175879396985,800,0,800,0,800,0,800,0,800,0,800,0,800,0,800,0,800,0,800,0,800,0,800,0,800,0,800,0,800,0,800,0,800,0,800,0,800,0,800,0,800,0,800,0,800,0,800,0,800,0,800,0
0.007537688442211055,800,0,800,0,800,0,800,0,800,0,800,0,800,0,800,0,800,0,800,0,800,0,800,0,800,0,800,0,800,0,800,0,800,0,800,0,800,0,800,0,800,0,800,0,800,0,800,0,800,0,800,0
0.008040201005025126,800,0,800,0,800,0,800,0,800,0,800,0,800,0,800,0,800,0,800,0,800,0,800,0,800,0,800,0,800,0,800,0,800,0,800,0,800,0,800,0,800,0,800,0,800,0,800,0,800,0,800,0
0.008542713567839196,800,0,800,0,800,0,800,0,800,0,800,0,800,0,800,0,800,0,800,0,800,0,800,0,800,0,800,0,800,0,800,0,800,0,800,0,800,0,800,0,800,0,800,0,800,0,800,0,800,0,800,0
0.009045226130653266,800,0,800,0,800,0,800,0,800,0,800,0,800,0,800,0,800,0,800,0,800,0,800,0,800,0,800,0,800,0,800,0,800,0,800,0,800,0,800,0,800,0,800,0,800,0,800,0,800,0,800,0
0.009547738693467337,800,0,800,0,800,0,800,0,800,0,800,0,800,0,800,0,800,0,800,0,800,0,800,0,800,0,800,0,800,0,800,0,800,0,800,0,800,0,800,0,800,0,800,0,800,0,800,0,800,0,800,0
0.01,800,0,800,0,800,0,800,0,800,0,800,0,800,0,800,0,800,0,800,0,800,0,800,0,800,0,800,0,800,0,800,0,800,0,800,0,800,0,800,0,800,0,800,0,800,0,800,0,800,0,800,0
0.01,800,0,800,0,800,0,800,0,800,0,800,0,800,0,800,0,800,0,800,0,800,0,800,0,800,0,800,0,800,0,800,0,800,0,800,0,800,0,800,0,800,0,800,0,800,0,800,0,800,0,800,0
0.010050251256281407,794.6,-5898.436,591.7,-730.825,796,-4381.834,714.8,4381.834,714.8,-4381.834,286.1,-97.008,591.7,-730.825,497.4,-730.825,497.4,730.825,473.7,-97.008,473.7,97.008,483.5,5898.436,483.5,-5898.436,497.4,-730.825,497.4,730.825,483.3,-11838.929,483.3,730.825,483.3,730.825,483.3,5898.436,483.3,4381.834,483.3,97.008,150.3,-2157.788,794.3,5898.436,794.3,-5898.436,31.5,11838.929,31.5,-11838.929
0.010552763819095477,196.3,-47904.275,360.8,-653.062,310.1,-43025.022,271.7,43025.022,271.7,-43025.022,170.5,-128.697,360.8,-653.062,192.2,-653.062,192.2,653.062,167,-128.697,167,128.697,167.1,47904.275,167.1,-47904.275,192.2,-653.062,192.2,653.062,167,-92364.118,167,653.062,167,653.062,167,47904.275,167,43025.022,167,128.697,-682.4,-1021.821,196.1,47904.275,196.1,-47904.275,19.7,92364.118,19.7,-92364.118
0.011055276381909548,-567.7,-23942.293,-56.6,-375.777,-549.6,-39310.558,-487.3,39310.558,-487.3,-39310.558,-158.2,-72.687,-56.6,-375.777,-272.5,-375.777,-272.5,375.777,-297.9,-72.687,-297.9,72.687,-305,23942.293,-305,-23942.293,-272.5,-375.777,-272.5,375.777,-304.8,-64077.092,-304.8,375.777,-304.8,375.777,-304.8,23942.293,-304.8,39310.558,-304.8,72.687,-547.6,1481.051,-567.6,23942.293,-567.6,-23942.293,-12.8,64077.092,-12.8,-64077.092
0.011557788944723618,-575.5,20746.948,-106.6,13.789,-832.1,14228.424,-713.3,-14228.424,-713.3,14228.424,-213.1,11.586,-106.6,13.789,-340.4,13.789,-340.4,-13.789,-367.7,11.586,-367.7,-11.586,-375.7,-20746.948,-375.7,20746.948,-340.4,13.789,-340.4,-13.789,-375.5,35014.537,-375.5,-13.789,-375.5,-13.789,-375.5,-20746.948,-375.5,-14228.424,-375.5,-11.586,336.7,1865.777,-575.3,-20746.948,-575.3,20746.948,-27.1,-35014.537,-27.1,35014.537
0.012060301507537688,-7.8,33739.309,257,349.689,-94.6,55630.213,-67.3,-55630.213,-67.3,55630.213,86.2,64.433,257,349.689,37.4,349.689,37.4,-349.689,8.4,64.433,8.4,-64.433,4.4,-33739.309,4.4,33739.309,37.4,349.689,37.4,-349.689,4.4,90133.333,4.4,-349.689,4.4,-349.689,4.4,-33739.309,4.4,-55630.213,4.4,-64.433,728.1,-325.2,-7.7,-33739.309,-7.7,33739.309,-8.6,-90133.333,-8.6,90133.333
0.01256281407035176,501,16668.596,589.4,536.302,770.7,25084.149,672.9,-25084.149,672.9,25084.149,373.4,62.125,589.4,536.302,416.7,536.302,416.7,-536.302,389.9,62.125,389.9,-62.125,390.7,-16668.596,390.7,16668.596,416.7,536.302,416.7,-536.302,390.6,42887.473,390.6,-536.302,390.6,-536.302,390.6,-16668.596,390.6,-25084.149,390.6,-62.125,103.9,-1995.968,501,-16668.596,501,16668.596,20.3,-42887.473,20.3,42887.473
0.01306532663316583,523.6,-16570.363,469.5,595.006,652.3,-35587.326,574.4,35587.326,574.4,-35587.326,283.2,23.342,469.5,595.006,371.1,595.006,371.1,-595.006,352.8,23.342,352.8,-23.342,356.4,16570.363,356.4,-16570.363,371.1,595.006,371.1,-595.006,356.2,-50944.334,356.2,-595.006,356.2,-595.006,356.2,16570.363,356.2,35587.326,356.2,-23.342,-643.3,-867.397,523.4,16570.363,523.4,-16570.363,27.4,50944.334,27.4,-50944.334
0.013567839195979899,-45.4,-40260.27,-61.4,610.272,-210.1,-46333.71,-175.3,46333.71,-175.3,-46333.71,-137.4,-12.865,-61.4,610.272,-69.3,610.272,-69.3,-610.272,-73.8,-12.865,-73.8,12.865,-70.5,40260.27,-70.5,-40260.27,-69.3,610.272,-69.3,-610.272,-70.5,-85386.301,-70.5,-610.272,-70.5,-610.272,-70.5,40260.27,-70.5,46333.71,-70.5,12.865,-480.5,1414.912,-45.5,40260.27,-45.5,-40260.27,3.9,85386.301,3.9,-85386.301
0.01407035175879397,-645.2,-16186.025,-512.6,625.72,-728.3,-5812.272,-648,5812.272,-648,-5812.272,-442.9,-21.525,-512.6,625.72,-430.4,625.72,-430.4,-625.72,-419.3,-21.525,-419.3,21.525,-418.3,16186.025,-418.3,-16186.025,-430.4,625.72,-430.4,-625.72,-418.1,-20768.383,-418.1,-625.72,-418.1,-625.72,-418.1,16186.025,-418.1,5812.272,-418.1,21.525,338.5,1676.775,-645.1,16186.025,-645.1,-16186.025,-24.2,20768.383,-24.2,-20768.383
0.01457286432160804,-454.9,33921.592,-463.2,574.768,-433.7,32725.076,-394.2,-32725.076,-394.2,32725.076,-269.1,-7.616,-463.2,574.768,-308.4,574.768,-308.4,-574.768,-284.5,-7.616,-284.5,7.616,-285.4,-33921.592,-285.4,33921.592,-308.4,574.768,-308.4,-574.768,-285.2,67788.588,-285.2,-574.768,-285.2,-574.768,-285.2,-33921.592,-285.2,-32725.076,-285.2,7.616,665.3,-374.644,-454.7,-33921.592,-454.7,33921.592,-24.5,-67788.588,-24.5,67788.588
0.01507537688442211,327.1,38111.563,-69.2,360.774,282.7,37195.208,252,-37195.208,252,37195.208,192,7.419,-69.2,360.774,130.2,360.774,130.2,-360.774,161.7,7.419,161.7,-7.419,160.2,-38111.563,160.2,38111.563,130.2,360.774,130.2,-360.774,160.1,76035.738,160.1,-360.774,160.1,-360.774,160.1,-38111.563,160.1,-37195.208,160.1,-7.419,65.5,-1843.387,327.1,-38111.563,327.1,38111.563,2.6,-76035.738,2.6,76035.738
0.015577889447236181,643.5,-7412.775,130.3,11.585,716,3941.61,627.9,-3941.61,627.9,3941.61,395.4,9.329,130.3,11.585,343.9,11.585,343.9,-11.585,376.9,9.329,376.9,-9.329,376.2,7412.775,376.2,-7412.775,343.9,11.585,343.9,-11.585,376,-3438.666,376,-11.585,376,-11.585,376,7412.775,376,-3941.61,376,-9.329,-605.9,-731.557,643.3,7412.775,643.3,-7412.775,23.9,3438.666,23.9,-3438.666
0.016080402010050253,174.4,-35211.564,-102.8,-320.223,358.4,-39424.191,296.6,39424.191,296.6,-39424.191,119.5,2.303,-102.8,-320.223,94.8,-320.223,94.8,320.223,124.3,2.303,124.3,-2.303,124.6,35211.564,124.6,-35211.564,94.8,-320.223,94.8,320.223,124.5,-75273.899,124.5,320.223,124.5,320.223,124.5,35211.564,124.5,39424.191,124.5,-2.303,-422.3,1347.989,174.3,35211.564,174.3,-35211.564,15.1,75273.899,15.1,-75273.899
0.016582914572864323,-390.5,-19681.671,-450.8,-511.834,-469.5,-38396.531,-420.1,38396.531,-420.1,-38396.531,-297.1,-3.727,-450.8,-511.834,-297.6,-511.834,-297.6,511.834,-275.6,-3.727,-275.6,3.727,-274.6,19681.671,-274.6,-19681.671,-297.6,-511.834,-297.6,511.834,-274.5,-59105.598,-274.5,511.834,-274.5,511.834,-274.5,19681.671,-274.5,38396.531,-274.5,3.727,337.1,1505.623,-390.4,19681.671,-390.4,-19681.671,-11.4,59105.598,-11.4,-59105.598
0.017085427135678392,-490.4,9368.66,-466.8,-563.598,-741.9,13715.128,-644.6,-13715.128,-644.6,13715.128,-391.8,-5.561,-466.8,-563.598,-381.2,-563.598,-381.2,563.598,-369.4,-5.561,-369.4,5.561,-368.4,-9368.66,-368.4,9368.66,-381.2,-563.598,-381.2,563.598,-368.3,21951.03,-368.3,563.598,-368.3,563.598,-368.3,-9368.66,-368.3,-13715.128,-368.3,5.561,609.9,-411.315,-490.3,-9368.66,-490.3,9368.66,-25.1,-21951.03,-25.1,21951.03
0.017587939698492462,-116.6,28989.415,-68.2,-551.824,-89.8,47658.954,-81.3,-47658.954,-81.3,47658.954,-73.2,-6.401,-68.2,-551.824,-63.4,-551.824,-63.4,551.824,-63.1,-6.401,-63.1,6.401,-62.7,-28989.415,-62.7,28989.415,-63.4,-551.824,-63.4,551.824,-62.6,75538.321,-62.6,551.824,-62.6,551.824,-62.6,-28989.415,-62.6,-47658.954,-62.6,6.401,35.5,-1700.012,-116.5,-28989.415,-116.5,28989.415,-11.2,-75538.321,-11.2,75538.321
0.018090452261306532,414.5,23231.655,396.4,-533.674,617.2,20365.141,538.1,-20365.141,538.1,20365.141,315.7,-9.366,396.4,-533.674,321,-533.674,321,533.674,310,-9.366,310,9.366,309.7,-23231.655,309.7,23231.655,321,-533.674,321,533.674,309.7,42520.081,309.7,533.674,309.7,533.674,309.7,-23231.655,309.7,-20365.141,309.7,9.366,-569.8,-610.442,414.4,-23231.655,414.4,23231.655,15.2,-42520.081,15.2,42520.081
0.0185929648241206,527.8,-13438.584,499.1,-486.374,544.5,-24926.482,490.1,24926.482,490.1,-24926.482,353.6,-12.828,499.1,-486.374,358.6,-486.374,358.6,486.374,338.3,-12.828,338.3,12.828,337.7,13438.584,337.7,-13438.584,358.6,-486.374,358.6,486.374,337.5,-39350.643,337.5,486.374,337.5,486.374,337.5,13438.584,337.5,24926.482,337.5,12.828,-372.6,1280.595,527.6,13438.584,527.6,-13438.584,24.9,39350.643,24.9,-39350.643
0.019095477386934675,-28.2,-38745.766,196.4,-328.516,-93.6,-36016.836,-73.2,36016.836,-73.2,-36016.836,5.4,-10.169,196.4,-328.516,16.1,-328.516,16.1,328.516,-10.1,-10.169,-10.1,10.169,-10.8,38745.766,-10.8,-38745.766,16.1,-328.516,16.1,328.516,-10.9,-75429.802,-10.9,328.516,-10.9,328.516,-10.9,38745.766,-10.9,36016.836,-10.9,10.169,330.7,1349.352,-28.2,38745.766,-28.2,-38745.766,6.7,75429.802,6.7,-75429.802
0.019597989949748745,-575.7,-11849.803,-99.3,-37.759,-575.9,-11547.863,-509.8,11547.863,-509.8,-11547.863,-309.7,0.62,-99.3,-37.759,-290.8,-37.759,-290.8,37.759,-319,0.62,-319,-0.62,-319.7,11849.803,-319.7,-11849.803,-290.8,-37.759,-290.8,37.759,-319.5,-23472.563,-319.5,37.759,-319.5,37.759,-319.5,11849.803,-319.5,11547.863,-319.5,-0.62,556.8,-435.713,-575.5,11849.803,-575.5,-11849.803,-17.6,23472.563,-17.6,-23472.563
0.020100502512562814,-373.1,29726.412,-17.8,278.446,-454.4,23814.116,-393,-23814.116,-393,23814.116,-216.7,11.322,-17.8,278.446,-193.8,278.446,-193.8,-278.446,-220,11.322,-220,-11.322,-220.4,-29726.412,-220.4,29726.412,-193.8,278.446,-193.8,-278.446,-220.2,54108.743,-220.2,-278.446,-220.2,-278.446,-220.2,-29726.412,-220.2,-23814.116,-220.2,-11.322,12.2,-1555.151,-372.9,-29726.412,-372.9,29726.412,-19,-54108.743,-19,54108.743
0.020603015075376884,250.4,28299.949,306.7,479.101,178.9,37343.649,172.5,-37343.649,172.5,37343.649,151.1,12.713,306.7,479.101,170.4,479.101,170.4,-479.101,150,12.713,150,-12.713,149.9,-28299.949,149.9,28299.949,170.4,479.101,170.4,-479.101,149.9,66614.513,149.9,-479.101,149.9,-479.101,149.9,-28299.949,149.9,-37343.649,149.9,-12.713,-529.2,-503.387,250.4,-28299.949,250.4,28299.949,2.8,-66614.513,2.8,66614.513
0.021105527638190954,492.5,-4018.33,432.7,530.038,654.1,6454.805,574.3,-6454.805,574.3,6454.805,346.7,5.861,432.7,530.038,356.8,530.038,356.8,-530.038,345.4,5.861,345.4,-5.861,345.5,4018.33,345.5,-4018.33,356.8,530.038,356.8,-530.038,345.3,3502.412,345.3,-530.038,345.3,-530.038,345.3,4018.33,345.3,-6454.805,345.3,-5.861,-326.6,1197.057,492.3,4018.33,492.3,-4018.33,21.1,-3502.412,21.1,3502.412
0.021608040201005024,198.8,-24329.824,159.3,500.988,344.4,-36796.423,294.3,36796.423,294.3,-36796.423,156.7,-0.224,159.3,500.988,156,500.988,156,-500.988,155.6,-0.224,155.6,0.224,155.6,24329.824,155.6,-24329.824,156,500.988,156,-500.988,155.5,-60124.494,155.5,-500.988,155.5,-500.988,155.5,24329.824,155.5,36796.423,155.5,0.224,313.4,1192.217,198.8,24329.824,198.8,-24329.824,15.5,60124.494,15.5,-60124.494
0.022110552763819097,-251.4,-21313.191,-276.2,459.67,-398.9,-33467.584,-347.7,33467.584,-347.7,-33467.584,-198.6,0.804,-276.2,459.67,-207.6,459.67,-207.6,-459.67,-197.4,0.804,-197.4,-0.804,-197.4,21313.191,-197.4,-21313.191,-207.6,459.67,-207.6,-459.67,-197.4,-53860.632,-197.4,-459.67,-197.4,-459.67,-197.4,21313.191,-197.4,33467.584,-197.4,-0.804,500.7,-439.929,-251.4,21313.191,-251.4,-21313.191,-7,53860.632,-7,-53860.632
0.022613065326633167,-460.8,882.267,-477.8,405.652,-619,11401.383,-544.2,-11401.383,-544.2,11401.383,-336.7,6.971,-477.8,405.652,-350.8,405.652,-350.8,-405.652,-332.1,6.971,-332.1,-6.971,-331.9,-882.267,-331.9,882.267,-350.8,405.652,-350.8,-405.652,-331.8,13101.924,-331.8,-405.652,-331.8,-405.652,-331.8,-882.267,-331.8,-11401.383,-331.8,-6.971,-2.1,-1404.846,-460.6,-882.267,-460.6,882.267,-21.9,-13101.924,-21.9,13101.924
0.023115577889447236,-172.9,27640.559,-291.1,283.004,-100.2,36521.833,-100.3,-36521.833,-100.3,36521.833,-112.4,10.362,-291.1,283.004,-129.2,283.004,-129.2,-283.004,-105.3,10.362,-105.3,-10.362,-105.1,-27640.559,-105.1,27640.559,-129.2,283.004,-129.2,-283.004,-105,64738.763,-105,-283.004,-105,-283.004,-105,-27640.559,-105,-36521.833,-105,-10.362,-481.8,-411.317,-172.8,-27640.559,-172.8,27640.559,-12.9,-64738.763,-12.9,64738.763
0.023618090452261306,375.6,23665.091,28.4,51.709,460,17904.568,399.4,-17904.568,399.4,17904.568,216.6,4.858,28.4,51.709,198.7,51.709,198.7,-51.709,223.9,4.858,223.9,-4.858,224.4,-23665.091,224.4,23665.091,198.7,51.709,198.7,-51.709,224.3,41677.935,224.3,-51.709,224.3,-51.709,224.3,-23665.091,224.3,-17904.568,224.3,-4.858,-284.6,1096.471,375.6,-23665.091,375.6,23665.091,9.8,-41677.935,9.8,41677.935
0.024120603015075376,482.6,-14136.993,89.5,-231.163,480.1,-14863.462,424.5,14863.462,424.5,-14863.462,261,-6.159,89.5,-231.163,244.1,-231.163,244.1,231.163,267,-6.159,267,6.159,267.5,14136.993,267.5,-14136.993,244.1,-231.163,244.1,231.163,267.3,-29468.94,267.3,231.163,267.3,231.163,267.3,14136.993,267.3,14863.462,267.3,6.159,288.9,1044.574,482.4,14136.993,482.4,-14136.993,19.5,29468.94,19.5,-29468.94
0.024623115577889446,-32.1,-33143.448,-160.3,-436.466,10.2,-30912.214,0.3,30912.214,0.3,-30912.214,-29,-12.313,-160.3,-436.466,-42.3,-436.466,-42.3,436.466,-24.7,-12.313,-24.7,12.313,-24.4,33143.448,-24.4,-33143.448,-42.3,-436.466,-42.3,436.466,-24.5,-64940.907,-24.5,436.466,-24.5,436.466,-24.5,33143.448,-24.5,30912.214,-24.5,12.313,443.9,-419.427,-32.2,33143.448,-32.2,-33143.448,4.9,64940.907,4.9,-64940.907
0.02512562814070352,-465.7,-7512.764,-365.6,-493.686,-482,-16107.793,-433,16107.793,-433,-16107.793,-293.7,-8.811,-365.6,-493.686,-300.9,-493.686,-300.9,493.686,-291.3,-8.811,-291.3,8.811,-291.3,7512.764,-291.3,-7512.764,-300.9,-493.686,-300.9,493.686,-291.2,-24616.74,-291.2,493.686,-291.2,493.686,-291.2,7512.764,-291.2,16107.793,-291.2,8.811,-7.9,-1243.653,-465.6,7512.764,-465.6,-7512.764,-15.6,24616.74,-15.6,-24616.74
0.02562814070351759,-302.1,22130.854,-220.6,-450.88,-455.6,20253.371,-393.7,-20253.371,-393.7,20253.371,-219.4,-1.836,-220.6,-450.88,-219.5,-450.88,-219.5,450.88,-219.3,-1.836,-219.3,1.836,-219.4,-22130.854,-219.4,22130.854,-219.5,-450.88,-219.5,450.88,-219.3,41480.629,-219.3,450.88,-219.3,450.88,-219.3,-22130.854,-219.3,-20253.371,-219.3,1.836,-426.3,-341.003,-302,-22130.854,-302,22130.854,-17.8,-41480.629,-17.8,41480.629
0.02613065326633166,148.2,21991.65,164.7,-389.431,132,36103.695,123,-36103.695,123,36103.695,96,0.263,164.7,-389.431,102.6,-389.431,102.6,389.431,93.4,0.263,93.4,-0.263,93.3,-21991.65,93.3,21991.65,102.6,-389.431,102.6,389.431,93.3,57316.746,93.3,389.431,93.3,389.431,93.3,-21991.65,93.3,-36103.695,93.3,-0.263,-247.3,975.571,148.2,-21991.65,148.2,21991.65,0.1,-57316.746,0.1,57316.746
0.026633165829145728,387.5,2936.503,424.1,-329.889,576.4,5866.105,503.5,-5866.105,503.5,5866.105,299.6,-3.586,424.1,-329.889,311.3,-329.889,311.3,329.889,294.6,-3.586,294.6,3.586,294.5,-2936.503,294.5,2936.503,311.3,-329.889,311.3,329.889,294.4,8139.244,294.4,329.889,294.4,329.889,294.4,-2936.503,294.4,-5866.105,294.4,3.586,256.3,907.813,387.4,-2936.503,387.4,2936.503,17.5,-8139.244,17.5,8139.244
0.027135678391959798,242.3,-17298.666,341.7,-229.28,299.3,-31146.462,266.7,31146.462,266.7,-31146.462,183.7,-7.53,341.7,-229.28,198.7,-229.28,198.7,229.28,177.5,-7.53,177.5,7.53,177.3,17298.666,177.3,-17298.666,198.7,-229.28,198.7,229.28,177.2,-48911.219,177.2,229.28,177.2,229.28,177.2,17298.666,177.2,31146.462,177.2,7.53,388.2,-383.748,242.2,17298.666,242.2,-17298.666,15.9,48911.219,15.9,-48911.219
0.02763819095477387,-174.9,-23378.91,51.1,-49.292,-311.2,-26451.844,-262.5,26451.844,-262.5,-26451.844,-114.2,-5.377,51.1,-49.292,-98.1,-49.292,-98.1,49.292,-120.2,-5.377,-120.2,5.377,-120.5,23378.91,-120.5,-23378.91,-98.1,-49.292,-98.1,49.292,-120.5,-49934.715,-120.5,49.292,-120.5,49.292,-120.5,23378.91,-120.5,26451.844,-120.5,5.377,-10.1,-1090.497,-174.9,23378.91,-174.9,-23378.91,-2.5,49934.715,-2.5,-49934.715
0.02814070351758794,-443.6,-1260.986,-108.4,187.429,-499.7,7064.924,-437.9,-7064.924,-437.9,7064.924,-256.9,3.007,-108.4,187.429,-241.9,187.429,-241.9,-187.429,-261.7,3.007,-261.7,-3.007,-262.1,1260.986,-262.1,-1260.986,-241.9,187.429,-241.9,-187.429,-262,6181.804,-262,-187.429,-262,-187.429,-262,1260.986,-262,-7064.924,-262,-3.007,-372.8,-288.912,-443.5,1260.986,-443.5,-1260.986,-16.9,-6181.804,-16.9,6181.804
0.02864321608040201,-172.9,26962.367,34.6,383.805,-136.5,27071.582,-121.2,-27071.582,-121.2,27071.582,-76.8,10.389,34.6,383.805,-65.4,383.805,-65.4,-383.805,-80.3,10.389,-80.3,-10.389,-80.6,-26962.367,-80.6,26962.367,-65.4,383.805,-65.4,-383.805,-80.5,54811.948,-80.5,-383.805,-80.5,-383.805,-80.5,-26962.367,-80.5,-27071.582,-80.5,-10.389,-213,862.201,-172.7,-26962.367,-172.7,26962.367,-10.5,-54811.948,-10.5,54811.948
0.02914572864321608,334.8,19706.715,267.9,453.851,332.4,18600.496,300.4,-18600.496,300.4,18600.496,209.1,9.807,267.9,453.851,214.8,453.851,214.8,-453.851,206.9,9.807,206.9,-9.807,206.9,-19706.715,206.9,19706.715,214.8,453.851,214.8,-453.851,206.8,39224.719,206.8,-453.851,206.8,-453.851,206.8,-19706.715,206.8,-18600.496,206.8,-9.807,223.4,787.962,334.7,-19706.715,334.7,19706.715,9,-39224.719,9,39224.719
0.02964824120603015,399.2,-13656.709,248.8,407.747,448.3,-8095.45,396.8,8095.45,396.8,-8095.45,250.9,3.29,248.8,407.747,250.5,407.747,250.5,-407.747,250.7,3.29,250.7,-3.29,250.8,13656.709,250.8,-13656.709,250.5,407.747,250.5,-407.747,250.7,-20933.375,250.7,-407.747,250.7,-407.747,250.7,13656.709,250.7,8095.45,250.7,-3.29,334.6,-346.343,399,13656.709,399,-13656.709,17.8,20933.375,17.8,-20933.375
0.03015075376884422,-18.4,-25602.827,-60.8,327.906,71.2,-29309.256,52.9,29309.256,52.9,-29309.256,1.5,-0.857,-60.8,327.906,-4.5,327.906,-4.5,-327.906,3.8,-0.857,3.8,0.857,3.9,25602.827,3.9,-25602.827,-4.5,327.906,-4.5,-327.906,3.9,-54257.127,3.9,-327.906,3.9,-327.906,3.9,25602.827,3.9,29309.256,3.9,0.857,-10.5,-950.545,-18.4,25602.827,-18.4,-25602.827,5.7,54257.127,5.7,-54257.127
0.030653266331658293,-345.8,-7152.621,-354.4,261.679,-423,-17690.552,-376,17690.552,-376,-17690.552,-244.3,1.234,-354.4,261.679,-254.6,261.679,-254.6,-261.679,-239.8,1.234,-239.8,-1.234,-239.7,7152.621,-239.7,-7152.621,-254.6,261.679,-254.6,-261.679,-239.6,-24318.58,-239.6,-261.679,-239.6,-261.679,-239.6,7152.621,-239.6,17690.552,-239.6,-1.234,-322.9,-242.593,-345.7,7152.621,-345.7,-7152.621,-12.5,24318.58,-12.5,-24318.58
0.031155778894472363,-270.3,13152.077,-359.8,179.012,-420.8,18152.116,-367.1,-18152.116,-367.1,18152.116,-221.5,5.299,-359.8,179.012,-234.5,179.012,-234.5,-179.012,-216,5.299,-216,-5.299,-215.8,-13152.077,-215.8,13152.077,-234.5,179.012,-234.5,-179.012,-215.7,31667.516,-215.7,-179.012,-215.7,-179.012,-215.7,-13152.077,-215.7,-18152.116,-215.7,-5.299,-182.4,753.846,-270.3,-13152.077,-270.3,13152.077,-16.7,-31667.516,-16.7,31667.516
0.03165829145728643,56,19128.604,-119.3,39.385,106,31140.776,87.2,-31140.776,87.2,31140.776,24.5,5.147,-119.3,39.385,10.5,39.385,10.5,-39.385,29.7,5.147,29.7,-5.147,30,-19128.604,30,19128.604,10.5,39.385,10.5,-39.385,30,50353.297,30,-39.385,30,-39.385,30,-19128.604,30,-31140.776,30,-5.147,195.8,683.321,56,-19128.604,56,19128.604,-3.2,-50353.297,-3.2,50353.297
0.032160804020100506,334.6,7971.184,89.7,-151.477,477,4381.517,410.9,-4381.517,410.9,4381.517,217.2,-0.834,89.7,-151.477,204.3,-151.477,204.3,151.477,221.3,-0.834,221.3,0.834,221.6,-7971.184,221.6,7971.184,204.3,-151.477,204.3,151.477,221.5,12048.914,221.5,151.477,221.5,151.477,221.5,-7971.184,221.5,-4381.517,221.5,0.834,288.3,-308.117,334.5,-7971.184,334.5,7971.184,12.7,-12048.914,12.7,12048.914
0.032663316582914576,267.2,-15237.954,49.9,-328.618,260,-23733.381,229.8,23733.381,229.8,-23733.381,143.5,-8.065,49.9,-328.618,133.8,-328.618,133.8,328.618,146.3,-8.065,146.3,8.065,146.6,15237.954,146.6,-15237.954,133.8,-328.618,133.8,328.618,146.5,-39636.635,146.5,328.618,146.5,328.618,146.5,15237.954,146.5,23733.381,146.5,8.065,-12.6,-829.25,267,15237.954,267,-15237.954,13.1,39636.635,13.1,-39636.635
0.033165829145728645,-145.1,-23394.414,-159.1,-409.223,-211.7,-21313.291,-185.9,21313.291,-185.9,-21313.291,-111.4,-9.832,-159.1,-409.223,-116.2,-409.223,-116.2,409.223,-109.9,-9.832,-109.9,9.832,-109.7,23394.414,-109.7,-23394.414,-116.2,-409.223,-116.2,409.223,-109.8,-45535.983,-109.8,409.223,-109.8,409.223,-109.8,23394.414,-109.8,21313.291,-109.8,9.832,-279.7,-203.495,-145.1,23394.414,-145.1,-23394.414,-2.3,45535.983,-2.3,-45535.983
0.033668341708542715,-402.6,254.549,-237.2,-372.804,-410.7,1653.485,-367,-1653.485,-367,1653.485,-242.3,-4.829,-237.2,-372.804,-241.5,-372.804,-241.5,372.804,-242.1,-4.829,-242.1,4.829,-242.3,-254.549,-242.3,254.549,-241.5,-372.804,-241.5,372.804,-242.1,1157.598,-242.1,372.804,-242.1,372.804,-242.1,-254.549,-242.1,-1653.485,-242.1,4.829,-154.4,660.481,-402.4,-254.549,-402.4,254.549,-15.3,-1157.598,-15.3,1157.598
0.034170854271356785,-143.1,24186.072,-29.3,-282.229,-178.4,21484.666,-154.2,-21484.666,-154.2,21484.666,-85.5,0.671,-29.3,-282.229,-79.9,-282.229,-79.9,282.229,-87.3,0.671,-87.3,-0.671,-87.5,-24186.072,-87.5,24186.072,-79.9,-282.229,-79.9,282.229,-87.4,45106.952,-87.4,282.229,-87.4,282.229,-87.4,-24186.072,-87.4,-21484.666,-87.4,-0.671,172.7,590.474,-143,-24186.072,-143,24186.072,-10,-45106.952,-10,45106.952
0.034673366834170855,270.7,15155.825,270.1,-203.638,251.4,20523.01,230.6,-20523.01,230.6,20523.01,172.8,0.655,270.1,-203.638,182,-203.638,182,203.638,169,0.655,169,-0.655,168.8,-15155.825,168.8,15155.825,182,-203.638,182,203.638,168.8,35272.212,168.8,203.638,168.8,203.638,168.8,-15155.825,168.8,-20523.01,168.8,-0.655,248.3,-272.95,270.7,-15155.825,270.7,15155.825,7.1,-35272.212,7.1,35272.212
0.035175879396984924,315.1,-9467.244,356.2,-134.275,422.7,-4684.486,372.6,4684.486,372.6,-4684.486,234.9,-3.2,356.2,-134.275,246.3,-134.275,246.3,134.275,230.1,-3.2,230.1,3.2,229.9,9467.244,229.9,-9467.244,246.3,-134.275,246.3,134.275,229.8,-14423.479,229.8,134.275,229.8,134.275,229.8,9467.244,229.8,4684.486,229.8,3.2,-15,-723.032,315,9467.244,315,-9467.244,15.8,14423.479,15.8,-14423.479
0.035678391959798994,21.8,-18265.054,173.7,-28.938,88.8,-27265.701,76.4,27265.701,76.4,-27265.701,49,-4.605,173.7,-28.938,61,-28.938,61,28.938,44.4,-4.605,44.4,4.605,44.1,18265.054,44.1,-18265.054,61,-28.938,61,28.938,44.1,-45593.237,44.1,28.938,44.1,28.938,44.1,18265.054,44.1,27265.701,44.1,4.605,-243.9,-171.199,21.8,18265.054,21.8,-18265.054,7.3,45593.237,7.3,-45593.237
0.036180904522613064,-250.9,-9114.215,-54.3,124.609,-367.6,-15638.752,-316.1,15638.752,-316.1,-15638.752,-163.5,-0.576,-54.3,124.609,-152.5,124.609,-152.5,-124.609,-167.1,-0.576,-167.1,0.576,-167.3,9114.215,-167.3,-9114.215,-152.5,124.609,-152.5,-124.609,-167.3,-24504.325,-167.3,-124.609,-167.3,-124.609,-167.3,9114.215,-167.3,15638.752,-167.3,0.576,-130.6,578.797,-250.8,9114.215,-250.8,-9114.215,-8.1,24504.325,-8.1,-24504.325
0.036683417085427134,-269.1,7285.453,-93.7,277.598,-361.2,15645.935,-312.4,-15645.935,-312.4,15645.935,-172.4,5.843,-93.7,277.598,-164.2,277.598,-164.2,-277.598,-174.7,5.843,-174.7,-5.843,-174.9,-7285.453,-174.9,7285.453,-164.2,277.598,-164.2,-277.598,-174.8,23492.427,-174.8,-277.598,-174.8,-277.598,-174.8,-7285.453,-174.8,-15645.935,-174.8,-5.843,153.2,511.124,-269,-7285.453,-269,7285.453,-13.3,-23492.427,-13.3,23492.427
0.0371859296482412,0.1,18959.561,62.5,361.159,71.9,24655.074,60,-24655.074,60,24655.074,24.5,8.968,62.5,361.159,28.5,361.159,28.5,-361.159,23.4,8.968,23.4,-8.968,23.3,-18959.561,23.3,18959.561,28.5,361.159,28.5,-361.159,23.3,44345.922,23.3,-361.159,23.3,-361.159,23.3,-18959.561,23.3,-24655.074,23.3,-8.968,214,-243.42,0.2,-18959.561,0.2,18959.561,-2.9,-44345.922,-2.9,44345.922
0.03768844221105527,307.3,9319.689,192.5,340.034,373.2,4512.757,328.4,-4512.757,328.4,4512.757,199.7,5.945,192.5,340.034,198.9,340.034,198.9,-340.034,199.8,5.945,199.8,-5.945,199.9,-9319.689,199.9,9319.689,198.9,340.034,198.9,-340.034,199.8,14518.459,199.8,-340.034,199.8,-340.034,199.8,-9319.689,199.8,-4512.757,199.8,-5.945,-17,-627.129,307.2,-9319.689,307.2,9319.689,11.1,-14518.459,11.1,14518.459
0.03819095477386935,254.3,-15320.791,90.3,249.484,242.4,-16735.072,216,16735.072,216,-16735.072,141,0.256,90.3,249.484,135.9,249.484,135.9,-249.484,142.6,0.256,142.6,-0.256,142.8,15320.791,142.8,-15320.791,135.9,249.484,135.9,-249.484,142.7,-31556.638,142.7,-249.484,142.7,-249.484,142.7,15320.791,142.7,16735.072,142.7,-0.256,-213.3,-148.115,254.2,15320.791,254.2,-15320.791,12,31556.638,12,-31556.638
0.03869346733668342,-130.4,-20850.696,-175.9,158.564,-124.9,-19429.34,-115.6,19429.34,-115.6,-19429.34,-90.4,-1.792,-175.9,158.564,-98.6,158.564,-98.6,-158.564,-87.2,-1.792,-87.2,1.792,-87,20850.696,-87,-20850.696,-98.6,158.564,-98.6,-158.564,-87,-39964.701,-87,-158.564,-87,-158.564,-87,20850.696,-87,19429.34,-87,1.792,-110.3,504.966,-130.4,20850.696,-130.4,-20850.696,-1.5,39964.701,-1.5,-39964.701
0.03919597989949749,-334.6,1161.824,-328.2,92.595,-356.5,-3114.382,-320.7,3114.382,-320.7,-3114.382,-222.5,1.095,-328.2,92.595,-232.4,92.595,-232.4,-92.595,-218.2,1.095,-218.2,-1.095,-218.1,-1161.824,-218.1,1161.824,-232.4,92.595,-232.4,-92.595,-218,-1766.274,-218,-92.595,-218,-92.595,-218,-1161.824,-218,3114.382,-218,-1.095,135.2,440.96,-334.5,-1161.824,-334.5,1161.824,-13.5,1766.274,-13.5,-1766.274
0.03969849246231156,-118.6,18367.222,-216.4,15.138,-202.4,18529.522,-176.4,-18529.522,-176.4,18529.522,-108.7,3.722,-216.4,15.138,-119,15.138,-119,-15.138,-104.6,3.722,-104.6,-3.722,-104.4,-18367.222,-104.4,18367.222,-119,15.138,-119,-15.138,-104.4,36930.743,-104.4,-15.138,-104.4,-15.138,-104.4,-18367.222,-104.4,-18529.522,-104.4,-3.722,185.4,-210.403,-118.6,-18367.222,-118.6,18367.222,-10.2,-36930.743,-10.2,36930.743
0.04020100502512563,191.9,11758.445,11.6,-102.857,206.5,20450.864,181.6,-20450.864,181.6,20450.864,104.7,1.556,11.6,-102.857,95.4,-102.857,95.4,102.857,107.8,1.556,107.8,-1.556,108,-11758.445,108,11758.445,95.4,-102.857,95.4,102.857,108,32005.15,108,102.857,108,102.857,108,-11758.445,108,-20450.864,108,-1.556,-16.8,-545.021,191.8,-11758.445,191.8,11758.445,3.6,-32005.15,3.6,32005.15
0.0407035175879397,258.6,-4180.937,110.9,-232.268,382.5,-3994.009,329.5,3994.009,329.5,-3994.009,176.4,-3.938,110.9,-232.268,169.6,-232.268,169.6,232.268,178.3,-3.938,178.3,3.938,178.5,4180.937,178.5,-4180.937,169.6,-232.268,169.6,232.268,178.4,-8643.42,178.4,232.268,178.4,232.268,178.4,4180.937,178.4,3994.009,178.4,3.938,-186,-125.735,258.5,4180.937,258.5,-4180.937,12,8643.42,12,-8643.42
0.04120603015075377,70.2,-14070.886,11.1,-312.862,84.5,-23635.477,72.7,23635.477,72.7,-23635.477,40.8,-7.694,11.1,-312.862,37.6,-312.862,37.6,312.862,41.6,-7.694,41.6,7.694,41.7,14070.886,41.7,-14070.886,37.6,-312.862,37.6,312.862,41.6,-38339.781,41.6,312.862,41.6,312.862,41.6,14070.886,41.6,23635.477,41.6,7.694,-95,437.423,70.2,14070.886,70.2,-14070.886,6.4,38339.781,6.4,-38339.781
0.04170854271356784,-194.6,-11430.626,-132.8,-304.578,-299.6,-12431.62,-259.2,12431.62,-259.2,-12431.62,-142,-6.347,-132.8,-304.578,-141.1,-304.578,-141.1,304.578,-142.3,-6.347,-142.3,6.347,-142.3,11430.626,-142.3,-11430.626,-141.1,-304.578,-141.1,304.578,-142.3,-24477.748,-142.3,304.578,-142.3,304.578,-142.3,11430.626,-142.3,12431.62,-142.3,6.347,118.9,382.03,-194.6,11430.626,-194.6,-11430.626,-6.5,24477.748,-6.5,-24477.748
0.04221105527638191,-269.3,5428.843,-116,-223.27,-299.8,11856.29,-264.1,-11856.29,-264.1,11856.29,-161.7,-1.398,-116,-223.27,-157,-223.27,-157,223.27,-163.1,-1.398,-163.1,1.398,-163.3,-5428.843,-163.3,5428.843,-157,-223.27,-157,223.27,-163.2,16837.195,-163.2,223.27,-163.2,223.27,-163.2,-5428.843,-163.2,-11856.29,-163.2,1.398,162,-183.023,-269.2,-5428.843,-269.2,5428.843,-11.8,-16837.195,-11.8,16837.195
0.04271356783919598,-16.3,19149.794,87.9,-126.287,25.6,19339.82,22.2,-19339.82,22.2,19339.82,13,2.024,87.9,-126.287,20.3,-126.287,20.3,126.287,10.3,2.024,10.3,-2.024,10.1,-19149.794,10.1,19149.794,20.3,-126.287,20.3,126.287,10.2,38239.064,10.2,126.287,10.2,126.287,10.2,-19149.794,10.2,-19339.82,10.2,-2.024,-15.7,-470.886,-16.2,-19149.794,-16.2,19149.794,-3.1,-38239.064,-3.1,38239.064
0.04321608040201005,277.1,8260.952,275,-56.994,288.6,6751.175,260.6,-6751.175,260.6,6751.175,183.3,0.716,275,-56.994,192,-56.994,192,56.994,179.7,0.716,179.7,-0.716,179.6,-8260.952,179.6,8260.952,192,-56.994,192,56.994,179.5,14898.856,179.5,56.994,179.5,56.994,179.5,-8260.952,179.5,-6751.175,179.5,-0.716,-163,-108.181,277.1,-8260.952,277.1,8260.952,9.7,-14898.856,9.7,14898.856
0.043718592964824124,215.1,-13805.432,242.4,0.745,241,-11396.372,216,11396.372,216,-11396.372,149.6,-2.424,242.4,0.745,158.4,0.745,158.4,-0.745,145.9,-2.424,145.9,2.424,145.8,13805.432,145.8,-13805.432,158.4,0.745,158.4,-0.745,145.7,-25202.738,145.7,-0.745,145.7,-0.745,145.7,13805.432,145.7,11396.372,145.7,2.424,-83.1,378.143,215,13805.432,215,-13805.432,11.6,25202.738,11.6,-25202.738
0.044221105527638194,-104.9,-16154.437,37.2,85.593,-68.1,-18842.722,-62.6,18842.722,-62.6,-18842.722,-41.7,-2.146,37.2,85.593,-33.9,85.593,-33.9,-85.593,-44.4,-2.146,-44.4,2.146,-44.6,16154.437,-44.6,-16154.437,-33.9,85.593,-33.9,-85.593,-44.6,-34828.119,-44.6,-85.593,-44.6,-85.593,-44.6,16154.437,-44.6,18842.722,-44.6,2.146,103.7,330.743,-104.9,16154.437,-104.9,-16154.437,0.6,34828.119,0.6,-34828.119
0.04472361809045226,-259.9,439.34,-109.2,192.067,-321.2,-5138.017,-280.8,5138.017,-280.8,-5138.017,-163.1,2.233,-109.2,192.067,-157.5,192.067,-157.5,-192.067,-164.7,2.233,-164.7,-2.233,-164.8,-439.34,-164.8,439.34,-157.5,192.067,-157.5,-192.067,-164.7,-4312.311,-164.7,-192.067,-164.7,-192.067,-164.7,-439.34,-164.7,5138.017,-164.7,-2.233,141.5,-156.704,-259.8,-439.34,-259.8,439.34,-9.8,4312.311,-9.8,-4312.311
0.04522613065326633,-116.8,12395.018,-64.7,268.232,-199.6,16817.792,-170.1,-16817.792,-170.1,16817.792,-87.4,6.35,-64.7,268.232,-84.8,268.232,-84.8,-268.232,-87.9,6.35,-87.9,-6.35,-87.9,-12395.018,-87.9,12395.018,-84.8,268.232,-84.8,-268.232,-87.9,29755.624,-87.9,-268.232,-87.9,-268.232,-87.9,-12395.018,-87.9,-16817.792,-87.9,-6.35,-12.8,-406.896,-116.8,-12395.018,-116.8,12395.018,-8.4,-29755.624,-8.4,29755.624
0.0457286432160804,120.5,10747.377,73.9,269.262,174.1,18046.642,151.5,-18046.642,151.5,18046.642,84.4,6.258,73.9,269.262,83.4,269.262,83.4,-269.262,84.8,6.258,84.8,-6.258,84.8,-10747.377,84.8,10747.377,83.4,269.262,83.4,-269.262,84.8,29338.801,84.8,-269.262,84.8,-269.262,84.8,-10747.377,84.8,-18046.642,84.8,-6.258,-142.2,-96.2,120.5,-10747.377,120.5,10747.377,2.4,-29338.801,2.4,29338.801
0.04623115577889447,231.3,-282.313,114.7,199.843,324.7,-3857.872,281.1,3857.872,281.1,-3857.872,155.8,2.309,114.7,199.843,151.6,199.843,151.6,-199.843,157.1,2.309,157.1,-2.309,157.2,282.313,157.2,-282.313,151.6,199.843,151.6,-199.843,157.1,-3738.189,157.1,-199.843,157.1,-199.843,157.1,282.313,157.1,3857.872,157.1,-2.309,-73.7,325.2,231.3,282.313,231.3,-282.313,10.2,3738.189,10.2,-3738.189
0.04673366834170854,101.6,-13111.162,-20.5,104.892,80.3,-18973.164,71.2,18973.164,71.2,-18973.164,44.9,-1.611,-20.5,104.892,38.4,104.892,38.4,-104.892,47.1,-1.611,47.1,1.611,47.3,13111.162,47.3,-13111.162,38.4,104.892,38.4,-104.892,47.2,-31876.151,47.2,-104.892,47.2,-104.892,47.2,13111.162,47.2,18973.164,47.2,1.611,89.6,285.23,101.5,13111.162,101.5,-13111.162,6.1,31876.151,6.1,-31876.151
0.04723618090452261,-168.2,-12610.451,-206.9,30.276,-225.3,-10605.837,-199.5,10605.837,-199.5,-10605.837,-127.8,-1.868,-206.9,30.276,-135.4,30.276,-135.4,-30.276,-124.8,-1.868,-124.8,1.868,-124.6,12610.451,-124.6,-12610.451,-135.4,30.276,-135.4,-30.276,-124.6,-23157.604,-124.6,-30.276,-124.6,-30.276,-124.6,12610.451,-124.6,10605.837,-124.6,1.868,124.1,-134.068,-168.2,12610.451,-168.2,-12610.451,-5.5,23157.604,-5.5,-23157.604
0.04773869346733668,-251.1,5239.916,-243.1,-18.579,-255.3,7081.763,-230.5,-7081.763,-230.5,7081.763,-163.7,0.888,-243.1,-18.579,-171.1,-18.579,-171.1,18.579,-160.5,0.888,-160.5,-0.888,-160.4,-5239.916,-160.4,5239.916,-171.1,-18.579,-171.1,18.579,-160.3,12285.409,-160.3,18.579,-160.3,18.579,-160.3,-5239.916,-160.3,-7081.763,-160.3,-0.888,-8.9,-349.79,-251,-5239.916,-251,5239.916,-11.2,-12285.409,-11.2,12285.409
0.04824120603015075,-12.6,17103.873,-86.2,-75.167,-20.5,15847.361,-19.1,-15847.361,-19.1,15847.361,-19.5,2.15,-86.2,-75.167,-26,-75.167,-26,75.167,-17.1,2.15,-17.1,-2.15,-17,-17103.873,-17,17103.873,-26,-75.167,-26,75.167,-17,32803.049,-17,75.167,-17,75.167,-17,-17103.873,-17,-15847.361,-17,-2.15,-122.3,-85.406,-12.6,-17103.873,-12.6,17103.873,-4.3,-32803.049,-4.3,32803.049
0.04874371859296482,231.4,6080.344,88.2,-155.938,233.2,8951.328,207.7,-8951.328,207.7,8951.328,132.4,-0.709,88.2,-155.938,127.8,-155.938,127.8,155.938,133.7,-0.709,133.7,0.709,133.9,-6080.344,133.9,6080.344,127.8,-155.938,127.8,155.938,133.8,14719.086,133.8,155.938,133.8,155.938,133.8,-6080.344,133.8,-8951.328,133.8,0.709,-65.9,277.281,231.3,-6080.344,231.3,6080.344,6.9,-14719.086,6.9,14719.086
0.04924623115577889,174.3,-10495.564,101.5,-225.382,239.4,-8631.777,207.8,8631.777,207.8,-8631.777,118.3,-4.893,101.5,-225.382,116.3,-225.382,116.3,225.382,118.6,-4.893,118.6,4.893,118.7,10495.564,118.7,-10495.564,116.3,-225.382,116.3,225.382,118.6,-19582.998,118.6,225.382,118.6,225.382,118.6,10495.564,118.6,8631.777,118.6,4.893,75.2,247.267,174.2,10495.564,174.2,-10495.564,9.3,19582.998,9.3,-19582.998
0.04974874371859297,-63.7,-11874.903,-19.1,-234.912,-40.2,-17935.999,-38.4,17935.999,-38.4,-17935.999,-30.6,-5.917,-19.1,-234.912,-29.6,-234.912,-29.6,234.912,-31.1,-5.917,-31.1,5.917,-31.1,11874.903,-31.1,-11874.903,-29.6,-234.912,-29.6,234.912,-31.1,-30286.643,-31.1,234.912,-31.1,234.912,-31.1,11874.903,-31.1,17935.999,-31.1,5.917,107.8,-111.579,-63.7,11874.903,-63.7,-11874.903,1.1,30286.643,1.1,-30286.643
0.05025125628140704,-199.6,-1628.043,-98.2,-177.13,-284.7,-4748.712,-246.5,4748.712,-246.5,-4748.712,-135.5,-2.924,-98.2,-177.13,-131.7,-177.13,-131.7,177.13,-136.7,-2.924,-136.7,2.924,-136.8,1628.043,-136.8,-1628.043,-131.7,-177.13,-131.7,177.13,-136.7,-6733.939,-136.7,177.13,-136.7,177.13,-136.7,1628.043,-136.7,4748.712,-136.7,2.924,-4.9,-299.704,-199.6,1628.043,-199.6,-1628.043,-7.8,6733.939,-7.8,-6733.939
0.05075376884422111,-130,8664.134,-23.7,-88.458,-177.4,14891.446,-152.4,-14891.446,-152.4,14891.446,-80.8,1.006,-23.7,-88.458,-75,-88.458,-75,88.458,-82.7,1.006,-82.7,-1.006,-82.8,-8664.134,-82.8,8664.134,-75,-88.458,-75,88.458,-82.8,23379.67,-82.8,88.458,-82.8,88.458,-82.8,-8664.134,-82.8,-14891.446,-82.8,-1.006,-104.1,-75.939,-129.9,-8664.134,-129.9,8664.134,-7.5,-23379.67,-7.5,23379.67
0.05125628140703518,74.7,11608.182,139.5,-12.896,137.6,14841.455,120.3,-14841.455,120.3,14841.455,71.6,2.337,139.5,-12.896,78.2,-12.896,78.2,12.896,69.1,2.337,69.1,-2.337,68.9,-11608.182,68.9,11608.182,78.2,-12.896,78.2,12.896,69,26426.182,69,12.896,69,12.896,69,-11608.182,69,-14841.455,69,-2.337,-58.8,235.997,74.7,-11608.182,74.7,11608.182,1.7,-26426.182,1.7,26426.182
0.05175879396984925,217.7,1658.377,219.9,33.414,262.8,-2389.118,233.3,2389.118,233.3,-2389.118,152.3,0.453,219.9,33.414,158.7,33.414,158.7,-33.414,149.6,0.453,149.6,-0.453,149.5,-1658.377,149.5,1658.377,158.7,33.414,158.7,-33.414,149.5,-663.46,149.5,-33.414,149.5,-33.414,149.5,-1658.377,149.5,2389.118,149.5,-0.453,61.9,214.078,217.7,-1658.377,217.7,1658.377,9.4,663.46,9.4,-663.46
0.05226130653266332,106.1,-12731.633,123.1,71.335,87.1,-14130.45,80.9,14130.45,80.9,-14130.45,67.1,-1.585,123.1,71.335,72.4,71.335,72.4,-71.335,64.9,-1.585,64.9,1.585,64.9,12731.633,64.9,-12731.633,72.4,71.335,72.4,-71.335,64.8,-26720.998,64.8,-71.335,64.8,-71.335,64.8,12731.633,64.8,14130.45,64.8,1.585,92.7,-92.272,106,12731.633,106,-12731.633,6.7,26720.998,6.7,-26720.998
0.052763819095477386,-150.8,-11411.4,-51.5,126.215,-160.5,-10219.84,-142.2,10219.84,-142.2,-10219.84,-87.5,-0.388,-51.5,126.215,-83.8,126.215,-83.8,-126.215,-88.6,-0.388,-88.6,0.388,-88.7,11411.4,-88.7,-11411.4,-83.8,126.215,-83.8,-126.215,-88.6,-21379.199,-88.6,-126.215,-88.6,-126.215,-88.6,11411.4,-88.6,10219.84,-88.6,0.388,-1.6,-256.389,-150.7,11411.4,-150.7,-11411.4,-3.4,21379.199,-3.4,-21379.199
0.053266331658291456,-214.3,5098.368,-118.6,184.638,-230.3,3235.377,-204.4,-3235.377,-204.4,3235.377,-130.6,3.308,-118.6,184.638,-129.1,184.638,-129.1,-184.638,-130.7,3.308,-130.7,-3.308,-130.8,-5098.368,-130.8,5098.368,-129.1,184.638,-129.1,-184.638,-130.7,8706.33,-130.7,-184.638,-130.7,-184.638,-130.7,-5098.368,-130.7,-3235.377,-130.7,-3.308,-87.6,-68.237,-214.2,-5098.368,-214.2,5098.368,-9,-8706.33,-9,8706.33
0.053768844221105526,-11.9,13337.884,-31.3,202.015,-52.3,14075.724,-43.1,-14075.724,-43.1,14075.724,-19.2,5.326,-31.3,202.015,-20.2,202.015,-20.2,-202.015,-18.5,5.326,-18.5,-5.326,-18.5,-13337.884,-18.5,13337.884,-20.2,202.015,-20.2,-202.015,-18.5,27822.965,-18.5,-202.015,-18.5,-202.015,-18.5,-13337.884,-18.5,-14075.724,-18.5,-5.326,-51.7,199.175,-11.9,-13337.884,-11.9,13337.884,-3.9,-27822.965,-3.9,27822.965
0.054271356783919596,175.4,4605.057,72.4,156.918,199,9660.034,175.5,-9660.034,175.5,9660.034,106,3.388,72.4,156.918,102.6,156.918,102.6,-156.918,107.1,3.388,107.1,-3.388,107.2,-4605.057,107.2,4605.057,102.6,156.918,102.6,-156.918,107.1,14582.316,107.1,-156.918,107.1,-156.918,107.1,-4605.057,107.1,-9660.034,107.1,-3.388,50.3,184.233,175.4,-4605.057,175.4,4605.057,5.2,-14582.316,5.2,14582.316
0.054773869346733665,148.4,-6772.742,50.7,75.745,224.3,-7707.628,192.3,7707.628,192.3,-7707.628,100.4,-0.38,50.7,75.745,95.3,75.745,95.3,-75.745,102,-0.38,102,0.38,102.1,6772.742,102.1,-6772.742,95.3,75.745,95.3,-75.745,102,-14329.26,102,-75.745,102,-75.745,102,6772.742,102,7707.628,102,0.38,78.5,-75.519,148.4,6772.742,148.4,-6772.742,7.8,14329.26,7.8,-14329.26
0.05527638190954774,-20.4,-9873.661,-81.4,1.772,-28,-16097.899,-26.7,16097.899,-26.7,-16097.899,-23.4,-2.399,-81.4,1.772,-29.1,1.772,-29.1,-1.772,-21.3,-2.399,-21.3,2.399,-21.2,9873.661,-21.2,-9873.661,-29.1,1.772,-29.1,-1.772,-21.2,-25970.415,-21.2,-1.772,-21.2,-1.772,-21.2,9873.661,-21.2,16097.899,-21.2,2.399,0.6,-218.299,-20.4,9873.661,-20.4,-9873.661,1.3,25970.415,1.3,-25970.415
0.05577889447236181,-163.6,-4170.889,-183,-43.44,-239,-3886.224,-209.2,3886.224,-209.2,-3886.224,-126.1,-1.376,-183,-43.44,-131.5,-43.44,-131.5,43.44,-123.8,-1.376,-123.8,1.376,-123.7,4170.889,-123.7,-4170.889,-131.5,-43.44,-131.5,43.44,-123.7,-8145.368,-123.7,43.44,-123.7,43.44,-123.7,4170.889,-123.7,3886.224,-123.7,1.376,-72.6,-61.643,-163.5,4170.889,-163.5,-4170.889,-6.9,8145.368,-6.9,-8145.368
0.05628140703517588,-140.6,6953.237,-140.6,-70.699,-151.8,11754.48,-136,-11754.48,-136,11754.48,-94.1,0.767,-140.6,-70.699,-98.5,-70.699,-98.5,70.699,-92.2,0.767,-92.2,-0.767,-92.2,-6953.237,-92.2,6953.237,-98.5,-70.699,-98.5,70.699,-92.1,18567.086,-92.1,70.699,-92.1,70.699,-92.1,-6953.237,-92.1,-11754.48,-92.1,-0.767,-44.5,167.109,-140.6,-6953.237,-140.6,6953.237,-7.6,-18567.086,-7.6,18567.086
0.05678391959798995,55.1,11975.764,9.9,-104.395,95,11924.062,81.1,-11924.062,81.1,11924.062,39,0.887,9.9,-104.395,36,-104.395,36,104.395,39.9,0.887,39.9,-0.887,40,-11975.764,40,11975.764,36,-104.395,36,104.395,40,23691.925,40,104.395,40,104.395,40,-11975.764,40,-11924.062,40,-0.887,40.9,158.605,55.1,-11975.764,55.1,11975.764,0.1,-23691.925,0.1,23691.925
0.05728643216080402,200.4,1611.134,113.7,-147.616,212.2,-31.543,188.8,31.543,188.8,-31.543,121.9,-1.808,113.7,-147.616,120.8,-147.616,120.8,147.616,121.9,-1.808,121.9,1.808,121.9,-1611.134,121.9,1611.134,120.8,-147.616,120.8,147.616,121.9,1282.551,121.9,147.616,121.9,147.616,121.9,-1611.134,121.9,31.543,121.9,1.808,65.9,-61.342,200.3,-1611.134,200.3,1611.134,7.5,-1282.551,7.5,1282.551
0.05778894472361809,92.8,-11445.918,72.1,-169.154,101.4,-10516.26,90.1,10516.26,90.1,-10516.26,59.6,-4.389,72.1,-169.154,60.6,-169.154,60.6,169.154,58.9,-4.389,58.9,4.389,58.9,11445.918,58.9,-11445.918,60.6,-169.154,60.6,169.154,58.9,-22304.875,58.9,169.154,58.9,169.154,58.9,11445.918,58.9,10516.26,58.9,4.389,1.5,-185.372,92.7,11445.918,92.7,-11445.918,5.9,22304.875,5.9,-22304.875
0.05829145728643216,-125.6,-8802.991,-37.9,-138.565,-115.2,-10453.542,-103.6,10453.542,-103.6,-10453.542,-68,-3.674,-37.9,-138.565,-65.1,-138.565,-65.1,138.565,-69.1,-3.674,-69.1,3.674,-69.2,8802.991,-69.2,-8802.991,-65.1,-138.565,-65.1,138.565,-69.1,-19537.337,-69.1,138.565,-69.1,138.565,-69.1,8802.991,-69.1,10453.542,-69.1,3.674,-60.3,-54.419,-125.6,8802.991,-125.6,-8802.991,-2.4,19537.337,-2.4,-19537.337
0.05879396984924623,-171.3,4114.629,-63.7,-66.714,-213.8,1376.17,-186.4,-1376.17,-186.4,1376.17,-106.7,-0.311,-63.7,-66.714,-102.3,-66.714,-102.3,66.714,-108.1,-0.311,-108.1,0.311,-108.2,-4114.629,-108.2,4114.629,-102.3,-66.714,-102.3,66.714,-108.1,5357.061,-108.1,66.714,-108.1,66.714,-108.1,-4114.629,-108.1,-1376.17,-108.1,0.311,-37.7,140.613,-171.2,-4114.629,-171.2,4114.629,-7.3,-5357.061,-7.3,5357.061
0.0592964824120603,-23.3,9796.891,32.9,5.272,-64.1,13167.844,-51.8,-13167.844,-51.8,13167.844,-16.5,2.247,32.9,5.272,-11.6,5.272,-11.6,-5.272,-18.2,2.247,-18.2,-2.247,-18.3,-9796.891,-18.3,9796.891,-11.6,5.272,-11.6,-5.272,-18.3,22977.525,-18.3,-5.272,-18.3,-5.272,-18.3,-9796.891,-18.3,-13167.844,-18.3,-2.247,33.5,137.015,-23.3,-9796.891,-23.3,9796.891,-3.4,-22977.525,-3.4,22977.525
0.05979899497487437,125.2,4926.304,142.1,49.263,172,9023.782,151.6,-9023.782,151.6,9023.782,94.4,1.955,142.1,49.263,99,49.263,99,-49.263,92.6,1.955,92.6,-1.955,92.5,-4926.304,92.5,4926.304,99,49.263,99,-49.263,92.5,14050.567,92.5,-49.263,92.5,-49.263,92.5,-4926.304,92.5,-9023.782,92.5,-1.955,54.9,-48.134,125.2,-4926.304,125.2,4926.304,4.4,-14050.567,4.4,14050.567
0.06030150753768844,138.9,-3606.575,141.8,70.129,195.5,-6791.433,171,6791.433,171,-6791.433,103.4,-0.005,141.8,70.129,107,70.129,107,-70.129,101.9,-0.005,101.9,0.005,101.8,3606.575,101.8,-3606.575,107,70.129,107,-70.129,101.8,-10257.755,101.8,-70.129,101.8,-70.129,101.8,3606.575,101.8,6791.433,101.8,0.005,2,-156.477,138.8,3606.575,138.8,-3606.575,7.4,10257.755,7.4,-10257.755
0.06080402010050251,9.6,-9381.216,25.5,89.008,-17.1,-13207.79,-12.7,13207.79,-12.7,-13207.79,2.3,-0.916,25.5,89.008,4.5,89.008,4.5,-89.008,1.4,-0.916,1.4,0.916,1.4,9381.216,1.4,-9381.216,4.5,89.008,4.5,-89.008,1.4,-22411.907,1.4,-89.008,1.4,-89.008,1.4,9381.216,1.4,13207.79,1.4,0.916,-50,-49.481,9.5,9381.216,9.5,-9381.216,2.3,22411.907,2.3,-22411.907
0.061306532663316586,-145.6,-5484.438,-92.6,116.738,-189.1,-3566.948,-165.5,3566.948,-165.5,-3566.948,-97.7,0.673,-92.6,116.738,-97,116.738,-97,-116.738,-97.6,0.673,-97.6,-0.673,-97.7,5484.438,-97.7,-5484.438,-97,116.738,-97,-116.738,-97.6,-8817.238,-97.6,-116.738,-97.6,-116.738,-97.6,5484.438,-97.6,3566.948,-97.6,-0.673,-31.5,116.645,-145.6,5484.438,-145.6,-5484.438,-5.2,8817.238,-5.2,-8817.238
0.061809045226130656,-137.5,6430.08,-96.4,136.761,-135.3,8186.109,-121.5,-8186.109,-121.5,8186.109,-83.7,3.212,-96.4,136.761,-84.7,136.761,-84.7,-136.761,-83,3.212,-83,-3.212,-83,-6430.08,-83,6430.08,-84.7,136.761,-84.7,-136.761,-83,14892.924,-83,-136.761,-83,-136.761,-83,-6430.08,-83,-8186.109,-83,-3.212,27.6,117.31,-137.5,-6430.08,-137.5,6430.08,-6.7,-14892.924,-6.7,14892.924
0.062311557788944726,48,10794.756,-1,119.025,53.9,10070.856,47.3,-10070.856,47.3,10070.856,26.2,3.602,-1,119.025,23.6,119.025,23.6,-119.025,27.2,3.602,27.2,-3.602,27.2,-10794.756,27.2,10794.756,23.6,119.025,23.6,-119.025,27.2,21107.265,27.2,-119.025,27.2,-119.025,27.2,-10794.756,27.2,-10070.856,27.2,-3.602,45.8,-37.507,48,-10794.756,48,10794.756,-0.4,-21107.265,-0.4,21107.265
0.06281407035175879,171.2,685.062,61.6,59.831,178.5,2013.76,158.2,-2013.76,158.2,2013.76,98.7,1.027,61.6,59.831,94.9,59.831,94.9,-59.831,99.8,1.027,99.8,-1.027,99.9,-685.062,99.9,685.062,94.9,59.831,94.9,-59.831,99.9,2819.51,99.9,-59.831,99.9,-59.831,99.9,-685.062,99.9,-2013.76,99.9,-1.027,1.9,-131.91,171.1,-685.062,171.1,685.062,6,-2819.51,6,2819.51
0.06331658291457286,76.8,-9265.333,6.9,-8.355,112.1,-8708.576,95.7,8708.576,95.7,-8708.576,48.4,-1.864,6.9,-8.355,44.2,-8.355,44.2,8.355,49.8,-1.864,49.8,1.864,49.9,9265.333,49.9,-9265.333,44.2,-8.355,44.2,8.355,49.8,-17992.483,49.8,8.355,49.8,8.355,49.8,9265.333,49.8,8708.576,49.8,1.864,-41.8,-44.723,76.8,9265.333,76.8,-9265.333,4.9,17992.483,4.9,-17992.483
0.06381909547738693,-91.3,-6768.469,-100,-52.548,-88.9,-10541.119,-81.5,10541.119,-81.5,-10541.119,-60.4,-2.325,-100,-52.548,-64.2,-52.548,-64.2,52.548,-58.9,-2.325,-58.9,2.325,-58.8,6768.469,-58.8,-6768.469,-64.2,-52.548,-64.2,52.548,-58.8,-17417.008,-58.8,52.548,-58.8,52.548,-58.8,6768.469,-58.8,10541.119,-58.8,2.325,-26.7,95.941,-91.2,6768.469,-91.2,-6768.469,-2,17417.008,-2,-17417.008
0.06432160804020101,-136.7,2000.573,-132.6,-68.915,-194.2,835.67,-169.8,-835.67,-169.8,835.67,-101.3,-0.639,-132.6,-68.915,-104.3,-68.915,-104.3,68.915,-100.1,-0.639,-100.1,0.639,-100,-2000.573,-100,2000.573,-104.3,-68.915,-104.3,68.915,-100,2697.773,-100,68.915,-100,68.915,-100,-2000.573,-100,-835.67,-100,0.639,23.1,100.238,-136.7,-2000.573,-136.7,2000.573,-6.5,-2697.773,-6.5,2697.773
0.06482412060301508,-41.8,7333.53,-50.7,-77.345,-61.6,11755.384,-53.5,-11755.384,-53.5,11755.384,-32.6,0.731,-50.7,-77.345,-34.4,-77.345,-34.4,77.345,-31.9,0.731,-31.9,-0.731,-31.9,-7333.53,-31.9,7333.53,-34.4,-77.345,-34.4,77.345,-31.9,18934.954,-31.9,77.345,-31.9,77.345,-31.9,-7333.53,-31.9,-11755.384,-31.9,-0.731,38.8,-28.224,-41.8,-7333.53,-41.8,7333.53,-3.9,-18934.954,-3.9,18934.954
0.06532663316582915,92.1,5998.068,65.2,-92.508,142.3,7583.708,123.2,-7583.708,123.2,7583.708,67.7,0.038,65.2,-92.508,67.4,-92.508,67.4,92.508,67.7,0.038,67.7,-0.038,67.7,-5998.068,67.7,5998.068,67.4,-92.508,67.4,92.508,67.7,13396.797,67.7,92.508,67.7,92.508,67.7,-5998.068,67.7,-7583.708,67.7,-0.038,1.5,-110.938,92.1,-5998.068,92.1,5998.068,2.9,-13396.797,2.9,13396.797
0.06582914572864322,136.2,-1907.222,102.7,-107.344,163,-5168.822,143.8,5168.822,143.8,-5168.822,90.3,-2.073,102.7,-107.344,91.3,-107.344,91.3,107.344,89.6,-2.073,89.6,2.073,89.6,1907.222,89.6,-1907.222,91.3,-107.344,91.3,107.344,89.6,-7292.805,89.6,107.344,89.6,107.344,89.6,1907.222,89.6,5168.822,89.6,2.073,-35.5,-40.821,136.1,1907.222,136.1,-1907.222,6.3,7292.805,6.3,-7292.805
0.06633165829145729,21.4,-9124.142,35.2,-98.506,-0.4,-10172.596,1.9,10172.596,1.9,-10172.596,10.9,-3.152,35.2,-98.506,13.2,-98.506,13.2,98.506,9.9,-3.152,9.9,3.152,9.9,9124.142,9.9,-9124.142,13.2,-98.506,13.2,98.506,9.9,-19496.902,9.9,98.506,9.9,98.506,9.9,9124.142,9.9,10172.596,9.9,3.152,-22.8,78.311,21.4,9124.142,21.4,-9124.142,2.5,19496.902,2.5,-19496.902
0.06683417085427136,-131.7,-5053.477,-45.4,-54.024,-144.8,-3938.115,-127.7,3938.115,-127.7,-3938.115,-77.3,-1.59,-45.4,-54.024,-74.1,-54.024,-74.1,54.024,-78.4,-1.59,-78.4,1.59,-78.5,5053.477,-78.5,-5053.477,-74.1,-54.024,-74.1,54.024,-78.4,-9101.228,-78.4,54.024,-78.4,54.024,-78.4,5053.477,-78.4,3938.115,-78.4,1.59,19.5,85.912,-131.6,5053.477,-131.6,-5053.477,-4,9101.228,-4,-9101.228
0.06733668341708543,-120.6,6123.827,-34,7.898,-128.5,5454.22,-113.1,-5454.22,-113.1,5454.22,-68.7,1.243,-34,7.898,-65.2,7.898,-65.2,-7.898,-69.8,1.243,-69.8,-1.243,-69.9,-6123.827,-69.9,6123.827,-65.2,7.898,-65.2,-7.898,-69.9,11595.085,-69.9,-7.898,-69.9,-7.898,-69.9,-6123.827,-69.9,-5454.22,-69.9,-1.243,33.2,-21.054,-120.5,-6123.827,-120.5,6123.827,-5.5,-11595.085,-5.5,11595.085
0.0678391959798995,39.6,8761.429,57.4,53.066,23.7,9400.011,24,-9400.011,24,9400.011,24.8,2.457,57.4,53.066,28.1,53.066,28.1,-53.066,23.7,2.457,23.7,-2.457,23.6,-8761.429,23.6,8761.429,28.1,53.066,28.1,-53.066,23.6,18270.03,23.6,-53.066,23.6,-53.066,23.6,-8761.429,23.6,-9400.011,23.6,-2.457,1.9,-92.699,39.6,-8761.429,39.6,8761.429,-0.3,-18270.03,-0.3,18270.03
0.06834170854271357,135,487.508,115.5,67.706,156.8,3195.409,139.4,-3195.409,139.4,3195.409,90.3,1.226,115.5,67.706,92.7,67.706,92.7,-67.706,89.3,1.226,89.3,-1.226,89.3,-487.508,89.3,487.508,92.7,67.706,92.7,-67.706,89.3,3819.554,89.3,-67.706,89.3,-67.706,89.3,-487.508,89.3,-3195.409,89.3,-1.226,-30.1,-37.155,134.9,-487.508,134.9,487.508,5.2,-3819.554,5.2,3819.554
0.06884422110552764,68.8,-6567.455,68,68.045,111.7,-7800.008,96.4,7800.008,96.4,-7800.008,54.1,-0.449,68,68.045,55.4,68.045,55.4,-68.045,53.5,-0.449,53.5,0.449,53.5,6567.455,53.5,-6567.455,55.4,68.045,55.4,-68.045,53.5,-14231.823,53.5,-68.045,53.5,-68.045,53.5,6567.455,53.5,7800.008,53.5,0.449,-20.1,64.131,68.8,6567.455,68.8,-6567.455,4.7,14231.823,4.7,-14231.823
0.06934673366834171,-57.1,-5889.551,-37.8,73.506,-73.1,-9732.612,-64.4,9732.612,-64.4,-9732.612,-38.4,-0.458,-37.8,73.506,-38.3,73.506,-38.3,-73.506,-38.4,-0.458,-38.4,0.458,-38.4,5889.551,-38.4,-5889.551,-38.3,73.506,-38.3,-73.506,-38.4,-15475.609,-38.4,-73.506,-38.4,-73.506,-38.4,5889.551,-38.4,9732.612,-38.4,0.458,16.1,73.881,-57.1,5889.551,-57.1,-5889.551,-0.9,15475.609,-0.9,-15475.609
0.06984924623115578,-116.8,-168.426,-96.7,82.473,-167.4,720.18,-145.8,-720.18,-145.8,720.18,-84.8,1.147,-96.7,82.473,-85.8,82.473,-85.8,-82.473,-84.1,1.147,-84.1,-1.147,-84.1,168.426,-84.1,-168.426,-85.8,82.473,-85.8,-82.473,-84.1,717.847,-84.1,-82.473,-84.1,-82.473,-84.1,168.426,-84.1,-720.18,-84.1,-1.147,28.9,-14.469,-116.8,168.426,-116.8,-168.426,-5.3,-717.847,-5.3,717.847
0.07035175879396985,-57,6115.523,-58.7,78.833,-55.9,9529.534,-50.5,-9529.534,-50.5,9529.534,-37.1,2.505,-58.7,78.833,-39.1,78.833,-39.1,-78.833,-36.2,2.505,-36.2,-2.505,-36.2,-6115.523,-36.2,6115.523,-39.1,78.833,-39.1,-78.833,-36.1,15805.229,-36.1,-78.833,-36.1,-78.833,-36.1,-6115.523,-36.1,-9529.534,-36.1,-2.505,2.4,-77.647,-57,-6115.523,-57,6115.523,-3.8,-15805.229,-3.8,15805.229
0.07085427135678392,75.2,6486.892,21.9,47.047,108.7,6168.717,93.7,-6168.717,93.7,6168.717,49.4,1.839,21.9,47.047,46.7,47.047,46.7,-47.047,50.4,1.839,50.4,-1.839,50.4,-6486.892,50.4,6486.892,46.7,47.047,46.7,-47.047,50.4,12751.542,50.4,-47.047,50.4,-47.047,50.4,-6486.892,50.4,-6168.717,50.4,-1.839,-25.8,-33.797,75.2,-6486.892,75.2,6486.892,1.9,-12751.542,1.9,12751.542
0.07135678391959799,128.8,-1694.355,45.5,-5.259,136.2,-3210.234,120.4,3210.234,120.4,-3210.234,74.5,-0.533,45.5,-5.259,71.5,-5.259,71.5,5.259,75.4,-0.533,75.4,0.533,75.5,1694.355,75.5,-1694.355,71.5,-5.259,71.5,5.259,75.4,-4915.639,75.4,5.259,75.4,5.259,75.4,1694.355,75.4,3210.234,75.4,0.533,-18.3,51.524,128.8,1694.355,128.8,-1694.355,5.2,4915.639,5.2,-4915.639
0.07185929648241206,20.8,-8446.586,-18.8,-49.722,19,-8073.337,16.1,8073.337,16.1,-8073.337,7.8,-2.267,-18.8,-49.722,5.1,-49.722,5.1,49.722,8.6,-2.267,8.6,2.267,8.7,8446.586,8.7,-8446.586,5.1,-49.722,5.1,49.722,8.7,-16621.633,8.7,49.722,8.7,49.722,8.7,8446.586,8.7,8073.337,8.7,2.267,13.1,62.853,20.8,8446.586,20.8,-8446.586,2.2,16621.633,2.2,-16621.633
0.07236180904522613,-112.2,-3948.792,-90.7,-65.973,-112.9,-4750.935,-101.8,4750.935,-101.8,-4750.935,-70.5,-1.712,-90.7,-65.973,-72.5,-65.973,-72.5,65.973,-69.7,-1.712,-69.7,1.712,-69.7,3948.792,-69.7,-3948.792,-72.5,-65.973,-72.5,65.973,-69.7,-8833.384,-69.7,65.973,-69.7,65.973,-69.7,3948.792,-69.7,4750.935,-69.7,1.712,25.3,-10.076,-112.1,3948.792,-112.1,-3948.792,-3.5,8833.384,-3.5,-8833.384
0.0728643216080402,-98.6,5038.564,-77.7,-61.626,-124.8,3852.15,-109.6,-3852.15,-109.6,3852.15,-67.2,0.044,-77.7,-61.626,-68.1,-61.626,-68.1,61.626,-66.7,0.044,-66.7,-0.044,-66.7,-5038.564,-66.7,5038.564,-68.1,-61.626,-68.1,61.626,-66.7,8767.508,-66.7,61.626,-66.7,61.626,-66.7,-5038.564,-66.7,-3852.15,-66.7,-0.044,3.5,-64.71,-98.5,-5038.564,-98.5,5038.564,-5,-8767.508,-5,8767.508
0.07336683417085427,24.5,6672.941,11.5,-58.302,7.8,9013.609,8.8,-9013.609,8.8,9013.609,10.7,0.691,11.5,-58.302,10.8,-58.302,10.8,58.302,10.7,0.691,10.7,-0.691,10.7,-6672.941,10.7,6672.941,10.8,-58.302,10.8,58.302,10.7,15570.637,10.7,58.302,10.7,58.302,10.7,-6672.941,10.7,-9013.609,10.7,-0.691,-21.6,-30.349,24.5,-6672.941,24.5,6672.941,-0.9,-15570.637,-0.9,15570.637
0.07386934673366834,102.7,1257.386,83.7,-62.622,138.7,3356.08,121.5,-3356.08,121.5,3356.08,72.5,-0.427,83.7,-62.622,73.5,-62.622,73.5,62.622,72,-0.427,72,0.427,72,-1257.386,72,1257.386,73.5,-62.622,73.5,62.622,71.9,4487.796,71.9,62.622,71.9,62.622,71.9,-1257.386,71.9,-3356.08,71.9,0.427,-16.6,42.032,102.7,-1257.386,102.7,1257.386,4,-4487.796,4,4487.796
0.0743718592964824,69.9,-4264.858,71.9,-61.214,101.2,-6847.083,88.2,6847.083,88.2,-6847.083,52.7,-1.847,71.9,-61.214,54.5,-61.214,54.5,61.214,51.9,-1.847,51.9,1.847,51.9,4264.858,51.9,-4264.858,54.5,-61.214,54.5,61.214,51.9,-11236.216,51.9,61.214,51.9,61.214,51.9,4264.858,51.9,6847.083,51.9,1.847,10,54.038,69.9,4264.858,69.9,-4264.858,4.3,11236.216,4.3,-11236.216
0.07487437185929648,-32.2,-5762.879,1.1,-39.215,-58.2,-8101.258,-49.4,8101.258,-49.4,-8101.258,-22.4,-1.814,1.1,-39.215,-20.1,-39.215,-20.1,39.215,-23.3,-1.814,-23.3,1.814,-23.3,5762.879,-23.3,-5762.879,-20.1,-39.215,-20.1,39.215,-23.3,-13944.381,-23.3,39.215,-23.3,39.215,-23.3,5762.879,-23.3,8101.258,-23.3,1.814,21.9,-5.9,-32.2,5762.879,-32.2,-5762.879,-0.1,13944.381,-0.1,-13944.381
0.07537688442211055,-107,-1277.269,-43.7,2.014,-136.9,437.015,-119.2,-437.015,-119.2,437.015,-68,-0.067,-43.7,2.014,-65.5,2.014,-65.5,-2.014,-68.7,-0.067,-68.7,0.067,-68.8,1277.269,-68.8,-1277.269,-65.5,2.014,-65.5,-2.014,-68.7,-836.293,-68.7,-2.014,-68.7,-2.014,-68.7,1277.269,-68.7,-437.015,-68.7,0.067,4.3,-53.895,-107,1277.269,-107,-1277.269,-4.2,836.293,-4.2,-836.293
0.07587939698492463,-61.7,5805.301,-10,43.649,-54.5,7193.721,-48.5,-7193.721,-48.5,7193.721,-31.7,1.821,-10,43.649,-29.4,43.649,-29.4,-43.649,-32.3,1.821,-32.3,-1.821,-32.4,-5805.301,-32.4,5805.301,-29.4,43.649,-29.4,-43.649,-32.3,13088.14,-32.3,-43.649,-32.3,-43.649,-32.3,-5805.301,-32.3,-7193.721,-32.3,-1.821,-17.9,-27.345,-61.6,-5805.301,-61.6,5805.301,-3.3,-13088.14,-3.3,13088.14
0.0763819095477387,65.9,6113.607,60.7,62.558,76.7,5509.551,68.4,-5509.551,68.4,5509.551,44.8,1.966,60.7,62.558,46.3,62.558,46.3,-62.558,44.2,1.966,44.2,-1.966,44.1,-6113.607,44.1,6113.607,46.3,62.558,46.3,-62.558,44.1,11750.241,44.1,-62.558,44.1,-62.558,44.1,-6113.607,44.1,-5509.551,44.1,-1.966,-15.2,33.449,65.9,-6113.607,65.9,6113.607,1.6,-11750.241,1.6,11750.241
0.07688442211055277,112.5,-1838.655,77.9,57.463,118.6,-1399.241,105.9,1399.241,105.9,-1399.241,70.1,0.453,77.9,57.463,70.8,57.463,70.8,-57.463,69.7,0.453,69.7,-0.453,69.7,1838.655,69.7,-1838.655,70.8,57.463,70.8,-57.463,69.7,-3122.516,69.7,-57.463,69.7,-57.463,69.7,1838.655,69.7,1399.241,69.7,-0.453,7.1,45.884,112.5,1838.655,112.5,-1838.655,4.7,3122.516,4.7,-3122.516
0.07738693467336684,17.6,-7014.381,12.7,47.443,34.1,-6961.106,28.8,6961.106,28.8,-6961.106,14.4,-0.708,12.7,47.443,14.2,47.443,14.2,-47.443,14.4,-0.708,14.4,0.708,14.4,7014.381,14.4,-7014.381,14.2,47.443,14.2,-47.443,14.4,-13881.308,14.4,-47.443,14.4,-47.443,14.4,7014.381,14.4,6961.106,14.4,0.708,18.6,-3.294,17.6,7014.381,17.6,-7014.381,2.3,13881.308,2.3,-13881.308
0.07788944723618091,-87.1,-3103.56,-65.8,45.993,-93,-5282.875,-83.3,5282.875,-83.3,-5282.875,-55.4,-0.159,-65.8,45.993,-56.3,45.993,-56.3,-45.993,-54.9,-0.159,-54.9,0.159,-54.9,3103.56,-54.9,-3103.56,-56.3,45.993,-56.3,-45.993,-54.9,-8294.608,-54.9,-45.993,-54.9,-45.993,-54.9,3103.56,-54.9,5282.875,-54.9,0.159,5,-44.67,-87.1,3103.56,-87.1,-3103.56,-2.6,8294.608,-2.6,-8294.608
0.07839195979899498,-81.4,3269.425,-77.3,46.117,-117.4,3092.153,-102.3,-3092.153,-102.3,3092.153,-60.5,1.229,-77.3,46.117,-62,46.117,-62,-46.117,-59.8,1.229,-59.8,-1.229,-59.7,-3269.425,-59.7,3269.425,-62,46.117,-62,-46.117,-59.7,6455.041,-59.7,-46.117,-59.7,-46.117,-59.7,-3269.425,-59.7,-3092.153,-59.7,-1.229,-14.2,-24.321,-81.4,-3269.425,-81.4,3269.425,-4.4,-6455.041,-4.4,6455.041
0.07889447236180905,6,5155.562,-20.6,31.904,1.6,8141.66,1.5,-8141.66,1.5,8141.66,-0.5,1.655,-20.6,31.904,-2.5,31.904,-2.5,-31.904,0.2,1.655,0.2,-1.655,0.3,-5155.562,0.3,5155.562,-2.5,31.904,-2.5,-31.904,0.3,13362.684,0.3,-31.904,0.3,-31.904,0.3,-5155.562,0.3,-8141.66,0.3,-1.655,-13.5,26.797,6,-5155.562,6,5155.562,-1.3,-13362.684,-1.3,13362.684
0.07939698492462312,80.9,2244.728,34.7,-0.207,118,2835.804,101.9,-2835.804,101.9,2835.804,54.9,0.468,34.7,-0.207,52.8,-0.207,52.8,0.207,55.5,0.468,55.5,-0.468,55.5,-2244.728,55.5,2244.728,52.8,-0.207,52.8,0.207,55.5,5080.585,55.5,0.207,55.5,0.207,55.5,-2244.728,55.5,-2835.804,55.5,-0.468,4.6,38.906,80.9,-2244.728,80.9,2244.728,3,-5080.585,3,5080.585
0.07989949748743719,73.6,-3100.362,27.2,-36.292,87,-5573.105,76,5573.105,76,-5573.105,44.7,-1.291,27.2,-36.292,42.9,-36.292,42.9,36.292,45.2,-1.291,45.2,1.291,45.3,3100.362,45.3,-3100.362,42.9,-36.292,42.9,36.292,45.3,-8747.342,45.3,36.292,45.3,36.292,45.3,3100.362,45.3,5573.105,45.3,1.291,15.3,-1.102,73.6,3100.362,73.6,-3100.362,3.7,8747.342,3.7,-8747.342
0.08040201005025126,-19.4,-5864.27,-31.5,-56.815,-40.4,-6469.829,-34.9,6469.829,-34.9,-6469.829,-19,-1.941,-31.5,-56.815,-20.2,-56.815,-20.2,56.815,-18.6,-1.941,-18.6,1.941,-18.5,5864.27,-18.5,-5864.27,-20.2,-56.815,-20.2,56.815,-18.6,-12449.67,-18.6,56.815,-18.6,56.815,-18.6,5864.27,-18.6,6469.829,-18.6,1.941,5.2,-36.968,-19.4,5864.27,-19.4,-5864.27,0.1,12449.67,0.1,-12449.67
0.08090452261306533,-98.4,-1383.43,-68.2,-54.034,-109.4,-329.729,-97.2,329.729,-97.2,-329.729,-62.6,-0.904,-68.2,-54.034,-63.1,-54.034,-63.1,54.034,-62.3,-0.904,-62.3,0.904,-62.3,1383.43,-62.3,-1383.43,-63.1,-54.034,-63.1,54.034,-62.3,-1822.132,-62.3,54.034,-62.3,54.034,-62.3,1383.43,-62.3,329.729,-62.3,0.904,-10.8,-21.606,-98.3,1383.43,-98.3,-1383.43,-3.7,1822.132,-3.7,-1822.132
0.0814070351758794,-56.2,5462.195,-31.4,-40.329,-57.5,5319.748,-51.1,-5319.748,-51.1,5319.748,-33.5,0.499,-31.4,-40.329,-33.3,-40.329,-33.3,40.329,-33.6,0.499,-33.6,-0.499,-33.6,-5462.195,-33.6,5462.195,-33.3,-40.329,-33.3,40.329,-33.6,10701.784,-33.6,40.329,-33.6,40.329,-33.6,-5462.195,-33.6,-5319.748,-33.6,-0.499,-11.5,21.112,-56.2,-5462.195,-56.2,5462.195,-3.2,-10701.784,-3.2,10701.784
0.08190954773869347,56,5096.822,43.7,-33.081,52.5,5460.856,47.8,-5460.856,47.8,5460.856,34.2,0.567,43.7,-33.081,35.1,-33.081,35.1,33.081,33.9,0.567,33.9,-0.567,33.8,-5096.822,33.8,5096.822,35.1,-33.081,35.1,33.081,33.8,10492.082,33.8,33.081,33.8,33.081,33.8,-5096.822,33.8,-5460.856,33.8,-0.567,2.9,32.963,56,-5096.822,56,5096.822,1.1,-10492.082,1.1,10492.082
0.08241206030150754,91.5,-1516.203,75.9,-32.631,107.6,-203.55,95.4,203.55,95.4,-203.55,61.2,-0.619,75.9,-32.631,62.5,-32.631,62.5,32.631,60.5,-0.619,60.5,0.619,60.5,1516.203,60.5,-1516.203,62.5,-32.631,62.5,32.631,60.5,-1785.635,60.5,32.631,60.5,32.631,60.5,1516.203,60.5,203.55,60.5,0.619,12.3,0.594,91.4,1516.203,91.4,-1516.203,4,1785.635,4,-1785.635
0.0829145728643216,18.9,-5173.544,36.6,-24.816,40.8,-6295.21,34.9,6295.21,34.9,-6295.21,19.5,-1.414,36.6,-24.816,21.1,-24.816,21.1,24.816,18.8,-1.414,18.8,1.414,18.8,5173.544,18.8,-5173.544,21.1,-24.816,21.1,24.816,18.8,-11519.8,18.8,24.816,18.8,24.816,18.8,5173.544,18.8,6295.21,18.8,1.414,4.9,-30.254,18.9,5173.544,18.9,-5173.544,2.3,11519.8,2.3,-11519.8
0.08341708542713568,-62.4,-2808.599,-22.4,-1.18,-79.4,-5052.643,-69.2,5052.643,-69.2,-5052.643,-39.2,-0.732,-22.4,-1.18,-37.5,-1.18,-37.5,1.18,-39.7,-0.732,-39.7,0.732,-39.8,2808.599,-39.8,-2808.599,-37.5,-1.18,-37.5,1.18,-39.8,-7864.334,-39.8,1.18,-39.8,1.18,-39.8,2808.599,-39.8,5052.643,-39.8,0.732,-8.2,-18.886,-62.4,2808.599,-62.4,-2808.599,-1.7,7864.334,-1.7,-7864.334
0.08391959798994975,-72.5,1686.298,-35.2,29.46,-104.1,2719.074,-89.9,-2719.074,-89.9,2719.074,-49.3,0.81,-35.2,29.46,-47.8,29.46,-47.8,-29.46,-49.7,0.81,-49.7,-0.81,-49.7,-1686.298,-49.7,1686.298,-47.8,29.46,-47.8,-29.46,-49.7,4465.101,-49.7,-29.46,-49.7,-29.46,-49.7,-1686.298,-49.7,-2719.074,-49.7,-0.81,-9.4,16.534,-72.5,-1686.298,-72.5,1686.298,-3.5,-4465.101,-3.5,4465.101
0.08442211055276382,-9.3,4538.514,7.6,49.797,-1.9,6815.45,-1.8,-6815.45,-1.8,6815.45,-2.1,1.729,7.6,49.797,-1.1,49.797,-1.1,-49.797,-2.4,1.729,-2.4,-1.729,-2.4,-4538.514,-2.4,4538.514,-1.1,49.797,-1.1,-49.797,-2.4,11455.288,-2.4,-49.797,-2.4,-49.797,-2.4,-4538.514,-2.4,-6815.45,-2.4,-1.729,1.7,27.72,-9.3,-4538.514,-9.3,4538.514,-1.3,-11455.288,-1.3,11455.288
0.08492462311557789,68.9,2894.891,52.3,49.983,94.5,2380.661,82.5,-2380.661,82.5,2380.661,48.4,1.184,52.3,49.983,48.8,49.983,48.8,-49.983,48.2,1.184,48.2,-1.184,48.2,-2894.891,48.2,2894.891,48.8,49.983,48.8,-49.983,48.2,5376.701,48.2,-49.983,48.2,-49.983,48.2,-2894.891,48.2,-2380.661,48.2,-1.184,9.6,1.474,68.9,-2894.891,68.9,2894.891,2.5,-5376.701,2.5,5376.701
0.08542713567839195,72.8,-2780.657,41.2,35.974,75.3,-4045.649,67,4045.649,67,-4045.649,43.8,-0.158,41.2,35.974,43.4,35.974,43.4,-35.974,43.8,-0.158,43.8,0.158,43.8,2780.657,43.8,-2780.657,43.4,35.974,43.4,-35.974,43.8,-6754.515,43.8,-35.974,43.8,-35.974,43.8,2780.657,43.8,4045.649,43.8,0.158,4.2,-24.754,72.8,2780.657,72.8,-2780.657,3.4,6754.515,3.4,-6754.515
0.08592964824120602,-15.1,-5581.107,-20.7,23.987,-21.8,-5361.987,-19.4,5361.987,-19.4,-5361.987,-12.2,-0.735,-20.7,23.987,-13,23.987,-13,-23.987,-11.9,-0.735,-11.9,0.735,-11.9,5581.107,-11.9,-5581.107,-13,23.987,-13,-23.987,-11.9,-10895.855,-11.9,-23.987,-11.9,-23.987,-11.9,5581.107,-11.9,5361.987,-11.9,0.735,-6.2,-16.516,-15.1,5581.107,-15.1,-5581.107,0.3,10895.855,0.3,-10895.855
0.0864321608040201,-85.7,-1057.649,-67.1,21.187,-89.5,-1301.474,-80.2,1301.474,-80.2,-1301.474,-54.3,0.059,-67.1,21.187,-55.4,21.187,-55.4,-21.187,-53.7,0.059,-53.7,-0.059,-53.7,1057.649,-53.7,-1057.649,-55.4,21.187,-55.4,-21.187,-53.7,-2316.69,-53.7,-21.187,-53.7,-21.187,-53.7,1057.649,-53.7,1301.474,-53.7,-0.059,-7.5,12.993,-85.6,1057.649,-85.6,-1057.649,-3.1,2316.69,-3.1,-2316.69
0.08693467336683416,-47,4530.884,-48.5,17.778,-61.1,4111.879,-53.8,-4111.879,-53.8,4111.879,-33.9,1.071,-48.5,17.778,-35.3,17.778,-35.3,-17.778,-33.3,1.071,-33.3,-1.071,-33.3,-4530.884,-33.3,4530.884,-35.3,17.778,-35.3,-17.778,-33.3,8679.389,-33.3,-17.778,-33.3,-17.778,-33.3,-4530.884,-33.3,-4111.879,-33.3,-1.071,1.2,23.186,-47,-4530.884,-47,4530.884,-2.9,-8679.389,-2.9,8679.389
0.08743718592964825,42.1,3908.563,8.1,2.074,37.7,5410.348,33.9,-5410.348,33.9,5410.348,22,0.897,8.1,2.074,20.7,2.074,20.7,-2.074,22.5,0.897,22.5,-0.897,22.5,-3908.563,22.5,3908.563,20.7,2.074,20.7,-2.074,22.5,9323.955,22.5,-2.074,22.5,-2.074,22.5,-3908.563,22.5,-5410.348,22.5,-0.897,7.5,2.029,42.1,-3908.563,42.1,3908.563,0.5,-9323.955,0.5,9323.955
0.08793969849246232,72.4,-754.84,36.7,-23.133,97.6,197.191,84.9,-197.191,84.9,197.191,48.1,-0.383,36.7,-23.133,46.9,-23.133,46.9,23.133,48.4,-0.383,48.4,0.383,48.4,754.84,48.4,-754.84,46.9,-23.133,46.9,23.133,48.4,-604.298,48.4,23.133,48.4,23.133,48.4,754.84,48.4,-197.191,48.4,0.383,3.3,-20.401,72.4,754.84,72.4,-754.84,3.1,604.298,3.1,-604.298
0.08844221105527639,25.1,-3723.064,10.3,-42.594,40.1,-5643.338,34.2,5643.338,34.2,-5643.338,17.6,-1.447,10.3,-42.594,16.8,-42.594,16.8,42.594,17.8,-1.447,17.8,1.447,17.8,3723.064,17.8,-3723.064,16.8,-42.594,16.8,42.594,17.8,-9453.037,17.8,42.594,17.8,42.594,17.8,3723.064,17.8,5643.338,17.8,1.447,-4.9,-14.341,25.1,3723.064,25.1,-3723.064,2.1,9453.037,2.1,-9453.037
0.08894472361809046,-43.8,-3023.665,-34.9,-45.113,-66.1,-4320.213,-57.4,4320.213,-57.4,-4320.213,-32.4,-1.291,-34.9,-45.113,-32.6,-45.113,-32.6,45.113,-32.3,-1.291,-32.3,1.291,-32.3,3023.665,-32.3,-3023.665,-32.6,-45.113,-32.6,45.113,-32.3,-7435.396,-32.3,45.113,-32.3,45.113,-32.3,3023.665,-32.3,4320.213,-32.3,1.291,-5.8,10.219,-43.8,3023.665,-43.8,-3023.665,-1.3,7435.396,-1.3,-7435.396
0.08944723618090453,-68.8,757.414,-42.8,-32.875,-87.5,2202.249,-76.5,-2202.249,-76.5,2202.249,-45.5,-0.174,-42.8,-32.875,-45.2,-32.875,-45.2,32.875,-45.5,-0.174,-45.5,0.174,-45.5,-757.414,-45.5,757.414,-45.2,-32.875,-45.2,32.875,-45.5,2893.738,-45.5,32.875,-45.5,32.875,-45.5,-757.414,-45.5,-2202.249,-45.5,0.174,1.2,19.545,-68.8,-757.414,-68.8,757.414,-3.1,-2893.738,-3.1,2893.738
0.0899497487437186,-16.7,4412.229,1.3,-18.374,-7.1,5380.716,-6.8,-5380.716,-6.8,5380.716,-6.3,0.683,1.3,-18.374,-5.5,-18.374,-5.5,18.374,-6.5,0.683,-6.5,-0.683,-6.5,-4412.229,-6.5,4412.229,-5.5,-18.374,-5.5,18.374,-6.5,9756.879,-6.5,18.374,-6.5,18.374,-6.5,-4412.229,-6.5,-5380.716,-6.5,-0.683,6,2.442,-16.7,-4412.229,-16.7,4412.229,-1.4,-9756.879,-1.4,9756.879
0.09045226130653267,61.5,2953.588,52.3,-12.296,72.1,2363.559,64.1,-2363.559,64.1,2363.559,41.3,0.356,52.3,-12.296,42.3,-12.296,42.3,12.296,40.8,0.356,40.8,-0.356,40.8,-2953.588,40.8,2953.588,42.3,-12.296,42.3,12.296,40.8,5292.911,40.8,12.296,40.8,12.296,40.8,-2953.588,40.8,-2363.559,40.8,-0.356,2.4,-16.678,61.5,-2953.588,61.5,2953.588,2,-5292.911,2,5292.911
0.09095477386934674,65.5,-2604.465,54.3,-10.846,68.5,-2604.879,61.4,2604.879,61.4,-2604.879,41.9,-0.644,54.3,-10.846,43,-10.846,43,10.846,41.3,-0.644,41.3,0.644,41.3,2604.465,41.3,-2604.465,43,-10.846,43,10.846,41.3,-5231.68,41.3,10.846,41.3,10.846,41.3,2604.465,41.3,2604.879,41.3,0.644,-4.2,-12.357,65.5,2604.465,65.5,-2604.465,3.1,5231.68,3.1,-5231.68
0.0914572864321608,-12.7,-4681.439,7.1,-2.015,-7,-4755.057,-6.6,4755.057,-6.6,-4755.057,-4.4,-0.929,7.1,-2.015,-3.3,-2.015,-3.3,2.015,-4.9,-0.929,-4.9,0.929,-4.9,4681.439,-4.9,-4681.439,-3.3,-2.015,-3.3,2.015,-4.9,-9441.454,-4.9,2.015,-4.9,2.015,-4.9,4681.439,-4.9,4755.057,-4.9,0.929,-4.7,7.948,-12.7,4681.439,-12.7,-4681.439,0.6,9441.454,0.6,-9441.454
0.09195979899497488,-69.1,-765.858,-32.8,17.163,-76.5,-1930.035,-67.7,1930.035,-67.7,-1930.035,-41.9,-0.008,-32.8,17.163,-41,17.163,-41,-17.163,-42.2,-0.008,-42.2,0.008,-42.2,765.858,-42.2,-765.858,-41,17.163,-41,-17.163,-42.2,-2661.575,-42.2,-17.163,-42.2,-17.163,-42.2,765.858,-42.2,1930.035,-42.2,0.008,1.2,16.353,-69.1,765.858,-69.1,-765.858,-2.4,2661.575,-2.4,-2661.575
0.09246231155778895,-40.4,3285.674,-23,35.506,-61.1,3503.806,-52.6,-3503.806,-52.6,3503.806,-28.5,1.128,-23,35.506,-27.9,35.506,-27.9,-35.506,-28.7,1.128,-28.7,-1.128,-28.7,-3285.674,-28.7,3285.674,-27.9,35.506,-27.9,-35.506,-28.7,6861.62,-28.7,-35.506,-28.7,-35.506,-28.7,-3285.674,-28.7,-3503.806,-28.7,-1.128,5.1,2.616,-40.3,-3285.674,-40.3,3285.674,-2.5,-6861.62,-2.5,6861.62
0.09296482412060302,26.4,3142.827,18.3,39.995,29.3,5039.182,26.2,-5039.182,26.2,5039.182,16.9,1.295,18.3,39.995,17,39.995,17,-39.995,16.8,1.295,16.8,-1.295,16.8,-3142.827,16.8,3142.827,17,39.995,17,-39.995,16.8,8263.294,16.8,-39.995,16.8,-39.995,16.8,-3142.827,16.8,-5039.182,16.8,-1.295,1.8,-13.627,26.4,-3142.827,26.4,3142.827,0.2,-8263.294,0.2,8263.294
0.09346733668341708,59.6,136.748,38.9,29.826,85.1,177.437,73.9,-177.437,73.9,177.437,41.7,0.426,38.9,29.826,41.4,29.826,41.4,-29.826,41.8,0.426,41.8,-0.426,41.8,-136.748,41.8,136.748,41.4,29.826,41.4,-29.826,41.8,374.264,41.8,-29.826,41.8,-29.826,41.8,-136.748,41.8,-177.437,41.8,-0.426,-3.8,-10.778,59.5,-136.748,59.5,136.748,2.6,-374.264,2.6,374.264
0.09396984924623115,31.6,-2974.735,12.3,14.915,36.2,-4750.036,31.6,4750.036,31.6,-4750.036,19,-0.52,12.3,14.915,18.3,14.915,18.3,-14.915,19.2,-0.52,19.2,0.52,19.2,2974.735,19.2,-2974.735,18.3,14.915,18.3,-14.915,19.2,-7695.461,19.2,-14.915,19.2,-14.915,19.2,2974.735,19.2,4750.036,19.2,0.52,-4,6.07,31.6,2974.735,31.6,-2974.735,2,7695.461,2,-7695.461
0.09447236180904522,-33.3,-3329.974,-35.4,6.087,-51.1,-3566.328,-44.6,3566.328,-44.6,-3566.328,-26,-0.579,-35.4,6.087,-26.9,6.087,-26.9,-6.087,-25.7,-0.579,-25.7,0.579,-25.6,3329.974,-25.6,-3329.974,-26.9,6.087,-26.9,-6.087,-25.6,-6884.706,-25.6,-6.087,-25.6,-6.087,-25.6,3329.974,-25.6,3566.328,-25.6,0.579,1.2,13.712,-33.3,3329.974,-33.3,-3329.974,-0.9,6884.706,-0.9,-6884.706
0.0949748743718593,-65,431.769,-52.8,4.334,-72.3,1371.231,-64.4,-1371.231,-64.4,1371.231,-42.4,0.216,-52.8,4.334,-43.3,4.334,-43.3,-4.334,-41.9,0.216,-41.9,-0.216,-41.9,-431.769,-41.9,431.769,-43.3,4.334,-43.3,-4.334,-41.9,1811.884,-41.9,-4.334,-41.9,-4.334,-41.9,-431.769,-41.9,-1371.231,-41.9,-0.216,4.5,2.727,-65,-431.769,-65,431.769,-2.8,-1811.884,-2.8,1811.884
0.09547738693467336,-17.1,4131,-20.5,0.711,-14.3,4167.617,-13.2,-4167.617,-13.2,4167.617,-10.9,0.803,-20.5,0.711,-11.8,0.711,-11.8,-0.711,-10.6,0.803,-10.6,-0.803,-10.6,-4131,-10.6,4131,-11.8,0.711,-11.8,-0.711,-10.5,8300.843,-10.5,-0.711,-10.5,-0.711,-10.5,-4131,-10.5,-4167.617,-10.5,-0.803,1.6,-11.103,-17.1,-4131,-17.1,4131,-1.5,-8300.843,-1.5,8300.843
0.09597989949748743,53.3,2475.79,24.1,-12.224,54.8,2595.065,48.8,-2595.065,48.8,2595.065,31.2,0.318,24.1,-12.224,30.5,-12.224,30.5,12.224,31.5,0.318,31.5,-0.318,31.5,-2475.79,31.5,2475.79,30.5,-12.224,30.5,12.224,31.5,5046.724,31.5,12.224,31.5,12.224,31.5,-2475.79,31.5,-2595.065,31.5,-0.318,-3.4,-9.322,53.3,-2475.79,53.3,2475.79,1.5,-5046.724,1.5,5046.724
0.0964824120603015,54.7,-2216.803,30.6,-28.313,64.8,-1654.007,57,1654.007,57,-1654.007,34.7,-0.762,30.6,-28.313,34.2,-28.313,34.2,28.313,34.7,-0.762,34.7,0.762,34.8,2216.803,34.8,-2216.803,34.2,-28.313,34.2,28.313,34.7,-3928.198,34.7,28.313,34.7,28.313,34.7,2216.803,34.7,1654.007,34.7,0.762,-3.6,4.593,54.6,2216.803,54.6,-2216.803,2.6,3928.198,2.6,-3928.198
0.09698492462311557,-7.6,-3579.599,-2.9,-34.877,1.9,-4423.921,0.7,4423.921,0.7,-4423.921,-2.3,-1.224,-2.9,-34.877,-2.4,-34.877,-2.4,34.877,-2.3,-1.224,-2.3,1.224,-2.3,3579.599,-2.3,-3579.599,-2.4,-34.877,-2.4,34.877,-2.3,-8074.498,-2.3,34.877,-2.3,34.877,-2.3,3579.599,-2.3,4423.921,-2.3,1.224,1.1,11.525,-7.6,3579.599,-7.6,-3579.599,0.7,8074.498,0.7,-8074.498
0.09748743718592964,-52.7,-831.028,-32,-27.198,-67,-2045.597,-58.7,2045.597,-58.7,-2045.597,-34.8,-0.621,-32,-27.198,-34.5,-27.198,-34.5,27.198,-34.8,-0.621,-34.8,0.621,-34.8,831.028,-34.8,-831.028,-34.5,-27.198,-34.5,27.198,-34.8,-2931.642,-34.8,27.198,-34.8,27.198,-34.8,831.028,-34.8,2045.597,-34.8,0.621,4.2,2.649,-52.6,831.028,-52.6,-831.028,-1.9,2931.642,-1.9,-2931.642
0.09798994974874371,-38.1,2176.857,-20.6,-12.909,-56.2,3118.322,-48.5,-3118.322,-48.5,3118.322,-26.5,0.325,-20.6,-12.909,-25.9,-12.909,-25.9,12.909,-26.6,0.325,-26.6,-0.325,-26.7,-2176.857,-26.7,2176.857,-25.9,-12.909,-25.9,12.909,-26.6,5269.686,-26.6,12.909,-26.6,12.909,-26.6,-2176.857,-26.6,-3118.322,-26.6,-0.325,1.6,-9.273,-38.1,-2176.857,-38.1,2176.857,-2.2,-5269.686,-2.2,5269.686
0.09849246231155778,13.5,2930.515,19.9,-2.629,23,4350.606,20.2,-4350.606,20.2,4350.606,11.8,0.646,19.9,-2.629,12.6,-2.629,12.6,2.629,11.6,0.646,11.6,-0.646,11.5,-2930.515,11.5,2930.515,12.6,-2.629,12.6,2.629,11.5,7276.509,11.5,2.629,11.5,2.629,11.5,-2930.515,11.5,-4350.606,11.5,-0.646,-3.1,-8.107,13.5,-2930.515,13.5,2930.515,0,-7276.509,0,7276.509
0.09899497487437187,52.5,807.936,46.2,0.134,70.3,211.925,61.7,-211.925,61.7,211.925,37.4,0.109,46.2,0.134,38.2,0.134,38.2,-0.134,37,0.109,37,-0.109,37,-807.936,37,807.936,38.2,0.134,38.2,-0.134,37,1020.238,37,-0.134,37,-0.134,37,-807.936,37,-211.925,37,-0.109,-3.6,3.903,52.5,-807.936,52.5,807.936,2.2,-1020.238,2.2,1020.238
0.09949748743718594,34.4,-2670.811,29.5,1.294,33.1,-3643.143,29.9,3643.143,29.9,-3643.143,21.4,-0.573,29.5,1.294,22.2,1.294,22.2,-1.294,21.1,-0.573,21.1,0.573,21.1,2670.811,21.1,-2670.811,22.2,1.294,22.2,-1.294,21.1,-6311.94,21.1,-1.294,21.1,-1.294,21.1,2670.811,21.1,3643.143,21.1,0.573,0.8,10.077,34.3,2670.811,34.3,-2670.811,1.9,6311.94,1.9,-6311.94
0.1,-28.1,-3255.635,-12,8.769,-36.1,-3049.334,-31.5,3049.334,-31.5,-3049.334,-18,-0.488,-12,8.769,-17.4,8.769,-17.4,-8.769,-18.2,-0.488,-18.2,0.488,-18.2,3255.635,-18.2,-3255.635,-17.4,8.769,-17.4,-8.769,-18.2,-6287.919,-18.2,-8.769,-18.2,-8.769,-18.2,3255.635,-18.2,3049.334,-18.2,0.488,4,2.405,-28.1,3255.635,-28.1,-3255.635,-0.5,6287.919,-0.5,-6287.919
