time,U-15.port1.voltage,U-15.port1.current,LOAD-28.port1.voltage,LOAD-28.port1.current,U-14.port1.voltage,U-14.port1.current,Q-11.port1.voltage,Q-11.port1.current,Q-11.port2.voltage,Q-11.port2.current,LOAD-30.port1.voltage,LOAD-30.port1.current,LOAD-27.port1.voltage,LOAD-27.port1.current,Q-14.port1.voltage,Q-14.port1.current,Q-14.port2.voltage,Q-14.port2.current,Q-16.port1.voltage,Q-16.port1.current,Q-16.port2.voltage,Q-16.port2.current,Q-18.port1.voltage,Q-18.port1.current,Q-18.port2.voltage,Q-18.port2.current,Q-13.port1.voltage,Q-13.port1.current,Q-13.port2.voltage,Q-13.port2.current,BUS-8.port1.voltage,BUS-8.port1.current,BUS-8.port2.voltage,BUS-8.port2.current,BUS-8.port3.voltage,BUS-8.port3.current,BUS-8.port4.voltage,BUS-8.port4.current,BUS-8.port5.voltage,BUS-8.port5.current,BUS-8.port6.voltage,BUS-8.port6.current,LOAD-26.port1.voltage,LOAD-26.port1.current,Q-17.port1.voltage,Q-17.port1.current,Q-17.port2.voltage,Q-17.port2.current,Q-12.port1.voltage,Q-12.port1.current,Q-12.port2.voltage,Q-12.port2.current
0,800,0,800,0,800,0,700,0,700,0,800,0,800,0,700,0,700,0,700,0,700,0,700,0,700,0,700,0,700,0,350,0,350,0,350,0,350,0,350,0,350,0,800,0,700,0,700,0,350,0,350,0
0.00020100502512562814,800,0,800,0,800,0,800,0,800,0,800,0,800,0,800,0,800,0,800,0,800,0,800,0,800,0,800,0,800,0,800,0,800,0,800,0,800,0,800,0,800,0,800,0,800,0,800,0,800,0,800,0
0.0004020100502512563,800,0,800,0,800,0,800,0,800,0,800,0,800,0,800,0,800,0,800,0,800,0,800,0,800,0,800,0,800,0,800,-0.001,800,0,800,0,800,0,800,0,800,0,800,0,800,0,800,0,800,0.001,800,-0.001
0.0006030150753768845,800,0,800,0,800,0,800,0,800,0,800,0,800,0,800,0,800,0,800,0,800,0,800,0,800,0,800,0,800,0,800,0,800,0,800,0,800,0,800,0,800,0,800,0,800,0,800,0,800,0,800,0
0.0008040201005025126,800,0,800,0,800,0,800,0,800,0,800,0,800,0,800,0,800,0,800,0,800,0,800,0,800,0,800,0,800,0,800,0,800,0,800,0,800,0,800,0,800,0,800,0,800,0,800,0,800,0,800,0
0.0010050251256281408,800,0,800,0,800,0,800,0,800,0,800,0,800,0,800,0,800,0,800,0,800,0,800,0,800,0,800,0,800,0,800,-0.001,800,0,800,0,800,0,800,0,800,0,800,0,800,0,800,0,800,0.001,800,-0.001
0.001206030150753769,800,0,800,0,800,0,800,0,800,0,800,0,800,0,800,0,800,0,800,0,800,0,800,0,800,0,800,0,800,0,800,-0.001,800,0,800,0,800,0,800,0,800,0,800,0,800,0,800,0,800,0.001,800,-0.001
0.001407035175879397,800,0,800,0,800,0,800,0,800,0,800,0,800,0,800,0,800,0,800,0,800,0,800,0,800,0,800,0,800,0,800,0,800,0,800,0,800,0,800,0,800,0,800,0,800,0,800,0,800,0,800,0
0.0016080402010050252,800,0,800,0,800,0,800,0,800,0,800,0,800,0,800,0,800,0,800,0,800,0,800,0,800,0,800,0,800,0,800,0,800,0,800,0,800,0,800,0,800,0,800,0,800,0,800,0,800,0,800,0
0.0018090452261306533,800,0,800,0,800,0,800,0,800,0,800,0,800,0,800,0,800,0,800,0,800,0,800,0,800,0,800,0,800,0,800,-0.001,800,0,800,0,800,0,800,0,800,0,800,0,800,0,800,0,800,0.001,800,-0.001
0.0020100502512562816,800,0,800,0,800,0,800,0,800,0,800,0,800,0,800,0,800,0,800,0,800,0,800,0,800,0,800,0,800,0,800,0,800,0,800,0,800,0,800,0,800,0,800,0,800,0,800,0,800,0,800,0
0.0022110552763819095,800,0,800,0,800,0,800,0,800,0,800,0,800,0,800,0,800,0,800,0,800,0,800,0,800,0,800,0,800,0,800,0,800,0,800,0,800,0,800,0,800,0,800,0,800,0,800,0,800,0,800,0
0.002412060301507538,800,0,800,0,800,0,800,0,800,0,800,0,800,0,800,0,800,0,800,0,800,0,800,0,800,0,800,0,800,0,800,0,800,0,800,0,800,0,800,0,800,0,800,0,800,0,800,0,800,0,800,0
0.0026130653266331657,800,0,800,0,800,0,800,0,800,0,800,0,800,0,800,0,800,0,800,0,800,0,800,0,800,0,800,0,800,0,800,-0.001,800,0,800,0,800,0,800,0,800,0,800,0,800,0,800,0,800,0.001,800,-0.001
0.002814070351758794,800,0,800,0,800,0,800,0,800,0,800,0,800,0,800,0,800,0,800,0,800,0,800,0,800,0,800,0,800,0,800,0,800,0,800,0,800,0,800,0,800,0,800,0,800,0,800,0,800,0,800,0
0.003015075376884422,800,0,800,0,800,0,800,0,800,0,800,0,800,0,800,0,800,0,800,0,800,0,800,0,800,0,800,0,800,0,800,0,800,0,800,0,800,0,800,0,800,0,800,0,800,0,800,0,800,0,800,0
0.0032160804020100503,800,0,800,0,800,0,800,0,800,0,800,0,800,0,800,0,800,0,800,0,800,0,800,0,800,0,800,0,800,0,800,-0.001,800,0,800,0,800,0,800,0,800,0,800,0,800,0,800,0,800,0.001,800,-0.001
0.003417085427135678,800,0,800,0,800,0,800,0,800,0,800,0,800,0,800,0,800,0,800,0,800,0,800,0,800,0,800,0,800,0,800,-0.001,800,0,800,0,800,0,800,0,800,0,800,0,800,0,800,0,800,0.001,800,-0.001
0.0036180904522613066,800,0,800,0,800,0,800,0,800,0,800,0,800,0,800,0,800,0,800,0,800,0,800,0,800,0,800,0,800,0,800,0,800,0,800,0,800,0,800,0,800,0,800,0,800,0,800,0,800,0,800,0
0.003819095477386935,800,0,800,0,800,0,800,0,800,0,800,0,800,0,800,0,800,0,800,0,800,0,800,0,800,0,800,0,800,0,800,0,800,0,800,0,800,0,800,0,800,0,800,0,800,0,800,0,800,0,800,0
0.004020100502512563,800,0,800,0,800,0,800,0,800,0,800,0,800,0,800,0,800,0,800,0,800,0,800,0,800,0,800,0,800,0,800,-0.001,800,0,800,0,800,0,800,0,800,0,800,0,800,0,800,0,800,0.001,800,-0.001
0.004221105527638191,800,0,800,0,800,0,800,0,800,0,800,0,800,0,800,0,800,0,800,0,800,0,800,0,800,0,800,0,800,0,800,0,800,0,800,0,800,0,800,0,800,0,800,0,800,0,800,0,800,0,800,0
0.004422110552763819,800,0,800,0,800,0,800,0,800,0,800,0,800,0,800,0,800,0,800,0,800,0,800,0,800,0,800,0,800,0,800,0,800,0,800,0,800,0,800,0,800,0,800,0,800,0,800,0,800,0,800,0
0.004623115577889447,800,0,800,0,800,0,800,0,800,0,800,0,800,0,800,0,800,0,800,0,800,0,800,0,800,0,800,0,800,0,800,0,800,0,800,0,800,0,800,0,800,0,800,0,800,0,800,0,800,0,800,0
0.004824120603015076,800,0,800,0,800,0,800,0,800,0,800,0,800,0,800,0,800,0,800,0,800,0,800,0,800,0,800,0,800,0,800,-0.001,800,0,800,0,800,0,800,0,800,0,800,0,800,0,800,0,800,0.001,800,-0.001
0.005025125628140704,800,0,800,0,800,0,800,0,800,0,800,0,800,0,800,0,800,0,800,0,800,0,800,0,800,0,800,0,800,0,800,0,800,0,800,0,800,0,800,0,800,0,800,0,800,0,800,0,800,0,800,0
0.0052261306532663315,800,0,800,0,800,0,800,0,800,0,800,0,800,0,800,0,800,0,800,0,800,0,800,0,800,0,800,0,800,0,800,0,800,0,800,0,800,0,800,0,800,0,800,0,800,0,800,0,800,0,800,0
0.005427135678391959,800,0,800,0,800,0,800,0,800,0,800,0,800,0,800,0,800,0,800,0,800,0,800,0,800,0,800,0,800,0,800,0,800,0,800,0,800,0,800,0,800,0,800,0,800,0,800,0,800,0,800,0
0.005628140703517588,800,0,800,0,800,0,800,0,800,0,800,0,800,0,800,0,800,0,800,0,800,0,800,0,800,0,800,0,800,0,800,0,800,0,800,0,800,0,800,0,800,0,800,0,800,0,800,0,800,0,800,0
0.005829145728643216,800,0,800,0,800,0,800,0,800,0,800,0,800,0,800,0,800,0,800,0,800,0,800,0,800,0,800,0,800,0,800,0,800,0,800,0,800,0,800,0,800,0,800,0,800,0,800,0,800,0,800,0
0.006030150753768844,800,0,800,0,800,0,800,0,800,0,800,0,800,0,800,0,800,0,800,0,800,0,800,0,800,0,800,0,800,0,800,0,800,0,800,0,800,0,800,0,800,0,800,0,800,0,800,0,800,0,800,0
0.006231155778894473,800,0,800,0,800,0,800,0,800,0,800,0,800,0,800,0,800,0,800,0,800,0,800,0,800,0,800,0,800,0,800,0,800,0,800,0,800,0,800,0,800,0,800,0,800,0,800,0,800,0,800,0
0.006432160804020101,800,0,800,0,800,0,800,0,800,0,800,0,800,0,800,0,800,0,800,0,800,0,800,0,800,0,800,0,800,0,800,0,800,0,800,0,800,0,800,0,800,0,800,0,800,0,800,0,800,0,800,0
0.0066331658291457285,800,0,800,0,800,0,800,0,800,0,800,0,800,0,800,0,800,0,800,0,800,0,800,0,800,0,800,0,800,0,800,0,800,0,800,0,800,0,800,0,800,0,800,0,800,0,800,0,800,0,800,0
0.006834170854271356,800,0,800,0,800,0,800,0,800,0,800,0,800,0,800,0,800,0,800,0,800,0,800,0,800,0,800,0,800,0,800,-0.001,800,0,800,0,800,0,800,0,800,0,800,0,800,0,800,0,800,0.001,800,-0.001
0.007035175879396985,800,0,800,0,800,0,800,0,800,0,800,0,800,0,800,0,800,0,800,0,800,0,800,0,800,0,800,0,800,0,800,0,800,0,800,0,800,0,800,0,800,0,800,0,800,0,800,0,800,0,800,0
0.007236180904522613,800,0,800,0,800,0,800,0,800,0,800,0,800,0,800,0,800,0,800,0,800,0,800,0,800,0,800,0,800,0,800,0,800,0,800,0,800,0,800,0,800,0,800,0,800,0,800,0,800,0,800,0
0.007437185929648241,800,0,800,0,800,0,800,0,800,0,800,0,800,0,800,0,800,0,800,0,800,0,800,0,800,0,800,0,800,0,800,0,800,0,800,0,800,0,800,0,800,0,800,0,800,0,800,0,800,0,800,0
0.00763819095477387,800,0,800,0,800,0,800,0,800,0,800,0,800,0,800,0,800,0,800,0,800,0,800,0,800,0,800,0,800,0,800,-0.001,800,0,800,0,800,0,800,0,800,0,800,0,800,0,800,0,800,0.001,800,-0.001
0.007839195979899497,800,0,800,0,800,0,800,0,800,0,800,0,800,0,800,0,800,0,800,0,800,0,800,0,800,0,800,0,800,0,800,0,800,0,800,0,800,0,800,0,800,0,800,0,800,0,800,0,800,0,800,0
0.008040201005025126,800,0,800,0,800,0,800,0,800,0,800,0,800,0,800,0,800,0,800,0,800,0,800,0,800,0,800,0,800,0,800,0,800,0,800,0,800,0,800,0,800,0,800,0,800,0,800,0,800,0,800,0
0.008241206030150754,800,0,800,0,800,0,800,0,800,0,800,0,800,0,800,0,800,0,800,0,800,0,800,0,800,0,800,0,800,0,800,-0.001,800,0,800,0,800,0,800,0,800,0,800,0,800,0,800,0,800,0.001,800,-0.001
0.008442211055276382,800,0,800,0,800,0,800,0,800,0,800,0,800,0,800,0,800,0,800,0,800,0,800,0,800,0,800,0,800,0,800,0,800,0,800,0,800,0,800,0,800,0,800,0,800,0,800,0,800,0,800,0
0.00864321608040201,800,0,800,0,800,0,800,0,800,0,800,0,800,0,800,0,800,0,800,0,800,0,800,0,800,0,800,0,800,0,800,0,800,0,800,0,800,0,800,0,800,0,800,0,800,0,800,0,800,0,800,0
0.008844221105527638,800,0,800,0,800,0,800,0,800,0,800,0,800,0,800,0,800,0,800,0,800,0,800,0,800,0,800,0,800,0,800,0,800,0,800,0,800,0,800,0,800,0,800,0,800,0,800,0,800,0,800,0
0.009045226130653266,800,0,800,0,800,0,800,0,800,0,800,0,800,0,800,0,800,0,800,0,800,0,800,0,800,0,800,0,800,0,800,-0.001,800,0,800,0,800,0,800,0,800,0,800,0,800,0,800,0,800,0.001,800,-0.001
0.009246231155778894,800,0,800,0,800,0,800,0,800,0,800,0,800,0,800,0,800,0,800,0,800,0,800,0,800,0,800,0,800,0,800,0,800,0,800,0,800,0,800,0,800,0,800,0,800,0,800,0,800,0,800,0
0.009447236180904522,800,0,800,0,800,0,800,0,800,0,800,0,800,0,800,0,800,0,800,0,800,0,800,0,800,0,800,0,800,0,800,0,800,0,800,0,800,0,800,0,800,0,800,0,800,0,800,0,800,0,800,0
0.009648241206030151,800,0,800,0,800,0,800,0,800,0,800,0,800,0,800,0,800,0,800,0,800,0,800,0,800,0,800,0,800,0,800,0,800,0,800,0,800,0,800,0,800,0,800,0,800,0,800,0,800,0,800,0
0.00984924623115578,800,0,800,0,800,0,800,0,800,0,800,0,800,0,800,0,800,0,800,0,800,0,800,0,800,0,800,0,800,0,800,-0.001,800,0,800,0,800,0,800,0,800,0,800,0,800,0,800,0,800,0.001,800,-0.001
0.01,800,0,800,0,800,0,800,0,800,0,800,0,800,0,800,0,800,0,800,0,800,0,800,0,800,0,800,0,800,0,800,0,800,0,800,0,800,0,800,0,800,0,800,0,800,0,800,0,800,0,800,0
0.01,800,0,800,0,800,0,800,0,800,0,800,0,800,0,800,0,800,0,800,0,800,0,800,0,800,0,800,0,800,0,800,0,800,0,800,0,800,0,800,0,800,0,800,0,800,0,800,0,800,0,800,0
0.010050251256281407,796.8,-1279.397,794,-236.746,797.6,-953.042,780.7,953.042,780.7,-953.042,798,-79.349,794,-236.746,732.3,-236.746,732.3,236.746,732.3,-79.349,732.3,79.349,732.4,1279.397,732.4,-1279.397,732.3,-236.746,732.3,236.746,732.3,-2785.28,732.3,236.746,732.3,236.746,732.3,1279.397,732.3,953.042,732.3,79.349,-279.6,63540.52,796.7,1279.397,796.7,-1279.397,732.2,2785.28,732.2,-2785.28
0.010251256281407035,720.4,-6240.782,674.2,-826.072,738,-5089.016,718,5089.016,718,-5089.016,748.9,-420.421,674.2,-826.072,661.6,-826.072,661.6,826.072,661.6,-420.421,661.6,420.421,661.6,6240.782,661.6,-6240.782,661.6,-826.072,661.6,826.072,661.6,-13402.363,661.6,826.072,661.6,826.072,661.6,6240.782,661.6,5089.016,661.6,420.421,-698.3,-14365.527,720.4,6240.782,720.4,-6240.782,661.4,13402.363,661.4,-13402.363
0.010452261306532663,552.7,-10162.438,508.6,-773.624,589.6,-9655.958,569.9,9655.958,569.9,-9655.958,623.4,-837.457,508.6,-773.624,514.8,-773.624,514.8,773.624,514.8,-837.457,514.8,837.457,514.8,10162.438,514.8,-10162.438,514.8,-773.624,514.8,773.624,514.8,-22203.1,514.8,773.624,514.8,773.624,514.8,10162.438,514.8,9655.958,514.8,837.457,78.1,-56550.246,552.6,10162.438,552.6,-10162.438,514.7,22203.1,514.7,-22203.1
0.010653266331658291,326.4,-11989.065,345.9,-944.165,357.2,-13132.576,345.7,13132.576,345.7,-13132.576,413.7,-1231.728,345.9,-944.165,314.5,-944.165,314.5,944.165,314.5,-1231.728,314.5,1231.728,314.6,11989.065,314.6,-11989.065,314.5,-944.165,314.5,944.165,314.5,-28241.699,314.5,944.165,314.5,944.165,314.5,11989.065,314.5,13132.576,314.5,1231.728,602.1,-476.953,326.4,11989.065,326.4,-11989.065,314.4,28241.699,314.4,-28241.699
0.010854271356783919,81.1,-12307.914,103,-1456.994,78.3,-14192.117,77.7,14192.117,77.7,-14192.117,139.8,-1456.76,103,-1456.994,77.5,-1456.994,77.5,1456.994,77.5,-1456.76,77.5,1456.76,77.5,12307.914,77.5,-12307.914,77.5,-1456.994,77.5,1456.994,77.5,-30870.778,77.5,1456.994,77.5,1456.994,77.5,12307.914,77.5,14192.117,77.5,1456.76,69.7,46721.771,81.1,12307.914,81.1,-12307.914,77.4,30870.778,77.4,-30870.778
0.011055276381909548,-167.7,-12435.034,-198.9,-1404.032,-198.6,-13071.281,-191.5,13071.281,-191.5,-13071.281,-156,-1446.281,-198.9,-1404.032,-169.6,-1404.032,-169.6,1404.032,-169.6,-1446.281,-169.6,1446.281,-169.6,12435.034,-169.6,-12435.034,-169.6,-1404.032,-169.6,1404.032,-169.6,-29760.66,-169.6,1404.032,-169.6,1404.032,-169.6,12435.034,-169.6,13071.281,-169.6,1446.281,-475.7,10261.016,-167.7,12435.034,-167.7,-12435.034,-169.6,29760.66,-169.6,-29760.66
0.011256281407035176,-413,-11647.893,-423.5,-823.742,-438.2,-10585.185,-426.1,10585.185,-426.1,-10585.185,-426,-1204.041,-423.5,-823.742,-390.3,-823.742,-390.3,823.742,-390.3,-1204.041,-390.3,1204.041,-390.3,11647.893,-390.3,-11647.893,-390.3,-823.742,-390.3,823.742,-390.3,-25084.604,-390.3,823.742,-390.3,823.742,-390.3,11647.893,-390.3,10585.185,-390.3,1204.041,-154.8,-36160.741,-413,11647.893,-413,-11647.893,-390.3,25084.604,-390.3,-25084.604
0.011457286432160804,-617.7,-8239.263,-557.6,-604.439,-618.5,-7256.92,-603.5,7256.92,-603.5,-7256.92,-628.6,-793.681,-557.6,-604.439,-559.7,-604.439,-559.7,604.439,-559.7,-793.681,-559.7,793.681,-559.7,8239.263,-559.7,-8239.263,-559.7,-604.439,-559.7,604.439,-559.7,-17498.743,-559.7,604.439,-559.7,604.439,-559.7,8239.263,-559.7,7256.92,-559.7,793.681,362.1,-15967.483,-617.7,8239.263,-617.7,-8239.263,-559.6,17498.743,-559.6,-17498.743
0.011658291457286432,-730.9,-2914.394,-680.8,-571.925,-727.2,-3528.626,-711,3528.626,-711,-3528.626,-742.1,-338.088,-680.8,-571.925,-664,-571.925,-664,571.925,-664,-338.088,-664,338.088,-664.1,2914.394,-664.1,-2914.394,-664,-571.925,-664,571.925,-664,-7924.958,-664,571.925,-664,571.925,-664,2914.394,-664,3528.626,-664,338.088,203.6,26279.777,-730.8,2914.394,-730.8,-2914.394,-663.9,7924.958,-663.9,-7924.958
0.01185929648241206,-738.8,1897.804,-745,38.901,-758.7,461.825,-740.3,-461.825,-740.3,461.825,-767.7,75.222,-745,38.901,-687.8,38.901,-687.8,-38.901,-687.8,75.222,-687.8,-75.222,-687.8,-1897.804,-687.8,1897.804,-687.8,38.901,-687.8,-38.901,-687.8,2512.653,-687.8,-38.901,-687.8,-38.901,-687.8,-1897.804,-687.8,-461.825,-687.8,-75.222,-254,18374.588,-738.7,-1897.804,-738.7,1897.804,-687.6,-2512.653,-687.6,2512.653
0.012060301507537688,-663.6,5440.389,-654.6,792.051,-704.8,5009.647,-683.4,-5009.647,-683.4,5009.647,-713.5,463.873,-654.6,792.051,-622.8,792.051,-622.8,-792.051,-622.8,463.873,-622.8,-463.873,-622.9,-5440.389,-622.9,5440.389,-622.8,792.051,-622.8,-792.051,-622.8,12498.011,-622.8,-792.051,-622.8,-792.051,-622.8,-5440.389,-622.8,-5009.647,-622.8,-463.873,-215.3,-17805.863,-663.5,-5440.389,-663.5,5440.389,-622.7,-12498.011,-622.7,12498.011
0.012261306532663316,-522.9,8521.455,-474.6,888.447,-556.4,9637.946,-537.6,-9637.946,-537.6,9637.946,-581.1,849.882,-474.6,888.447,-484.7,888.447,-484.7,-888.447,-484.7,849.882,-484.7,-849.882,-484.8,-8521.455,-484.8,8521.455,-484.7,888.447,-484.7,-888.447,-484.7,20786.177,-484.7,-888.447,-484.7,-888.447,-484.7,-8521.455,-484.7,-9637.946,-484.7,-849.882,162.7,-18558.416,-522.8,-8521.455,-522.8,8521.455,-484.6,-20786.177,-484.6,20786.177
0.012462311557788945,-324.3,11070.002,-309.2,815.217,-328.5,12623.584,-320.2,-12623.584,-320.2,12623.584,-376.9,1160.118,-309.2,815.217,-298,815.217,-298,-815.217,-298,1160.118,-298,-1160.118,-298,-11070.002,-298,11070.002,-298,815.217,-298,-815.217,-298,26484.138,-298,-815.217,-298,-815.217,-298,-11070.002,-298,-12623.584,-298,-1160.118,204.3,10862.475,-324.3,-11070.002,-324.3,11070.002,-297.9,-26484.138,-297.9,26484.138
0.012663316582914573,-86.6,12339.898,-111.3,1212.629,-67.4,12940.937,-69.7,-12940.937,-69.7,12940.937,-125.8,1308.874,-111.3,1212.629,-77.9,1212.629,-77.9,-1212.629,-77.9,1308.874,-77.9,-1308.874,-77.9,-12339.898,-77.9,12339.898,-77.9,1212.629,-77.9,-1212.629,-77.9,29014.968,-77.9,-1212.629,-77.9,-1212.629,-77.9,-12339.898,-77.9,-12940.937,-77.9,-1308.874,-97.1,17054.525,-86.6,-12339.898,-86.6,12339.898,-77.9,-29014.968,-77.9,29014.968
0.012864321608040201,162.9,12279.515,166.2,1434.406,180.6,11600.955,174.6,-11600.955,174.6,11600.955,138.2,1293.146,166.2,1434.406,156.1,1434.406,156.1,-1434.406,156.1,1293.146,156.1,-1293.146,156.1,-12279.515,156.1,12279.515,156.1,1434.406,156.1,-1434.406,156.1,28042.427,156.1,-1434.406,156.1,-1434.406,156.1,-12279.515,156.1,-11600.955,156.1,-1293.146,-184.4,-5689.951,162.9,-12279.515,162.9,12279.515,156.1,-28042.427,156.1,28042.427
0.01306532663316583,397.5,10768.382,412.6,929.432,397,9898.14,389.9,-9898.14,389.9,9898.14,384.5,1132.45,412.6,929.432,368.4,929.432,368.4,-929.432,368.4,1132.45,368.4,-1132.45,368.4,-10768.382,368.4,10768.382,368.4,929.432,368.4,-929.432,368.4,23657.837,368.4,-929.432,368.4,-929.432,368.4,-10768.382,368.4,-9898.14,368.4,-1132.45,39.9,-14583.099,397.5,-10768.382,397.5,10768.382,368.4,-23657.837,368.4,23657.837
0.013266331658291457,581.8,7232.203,541.2,431.712,574.6,7587.222,562.5,-7587.222,562.5,7587.222,582.9,815.351,541.2,431.712,527.1,431.712,527.1,-431.712,527.1,815.351,527.1,-815.351,527.1,-7232.203,527.1,7232.203,527.1,431.712,527.1,-431.712,527.1,16498.2,527.1,-431.712,527.1,-431.712,527.1,-7232.203,527.1,-7587.222,527.1,-815.351,152.2,1973.614,581.8,-7232.203,581.8,7232.203,527,-16498.2,527,16498.2
0.013467336683417085,679.3,2426.319,621,398.96,692.6,3919.593,674.1,-3919.593,674.1,3919.593,703.8,374.838,621,398.96,620.7,398.96,620.7,-398.96,620.7,374.838,620.7,-374.838,620.7,-2426.319,620.7,2426.319,620.7,398.96,620.7,-398.96,620.7,7518.67,620.7,-398.96,620.7,-398.96,620.7,-2426.319,620.7,-3919.593,620.7,-374.838,-7.2,12086.786,679.3,-2426.319,679.3,2426.319,620.6,-7518.67,620.6,7518.67
0.013668341708542713,684.9,-1623.807,683.4,118.493,725.1,-764.95,704,764.95,704,-764.95,732.4,-83.666,683.4,118.493,643.6,118.493,643.6,-118.493,643.6,-83.666,643.6,83.666,643.7,1623.807,643.7,-1623.807,643.6,118.493,643.6,-118.493,643.6,-2235.438,643.6,-118.493,643.6,-118.493,643.6,1623.807,643.6,764.95,643.6,83.666,-125.6,751.068,684.8,1623.807,684.8,-1623.807,643.5,2235.438,643.5,-2235.438
0.013869346733668343,622.6,-4473.959,634.6,-620.728,662.1,-5422.826,642.8,5422.826,642.8,-5422.826,674.2,-483.841,634.6,-620.728,588.2,-620.728,588.2,620.728,588.2,-483.841,588.2,483.841,588.2,4473.959,588.2,-4473.959,588.2,-620.728,588.2,620.728,588.2,-11622.083,588.2,620.728,588.2,620.728,588.2,4473.959,588.2,5422.826,588.2,483.841,-18.9,-9741.268,622.6,4473.959,622.6,-4473.959,588,11622.083,588,-11622.083
0.01407035175879397,503.3,-7516.247,461.3,-984.736,513.2,-9171.869,499.2,9171.869,499.2,-9171.869,542.3,-818.679,461.3,-984.736,460,-984.736,460,984.736,460,-818.679,460,818.679,460,7516.247,460,-7516.247,460,-984.736,460,984.736,460,-19476.267,460,984.736,460,984.736,460,7516.247,460,9171.869,460,818.679,100.5,-2561.356,503.3,7516.247,503.3,-7516.247,459.9,19476.267,459.9,-19476.267
0.014271356783919598,318.2,-10803.367,275.2,-847.378,304.3,-11308.042,298.1,11308.042,298.1,-11308.042,350.5,-1072.453,275.2,-847.378,281.7,-847.378,281.7,847.378,281.7,-1072.453,281.7,1072.453,281.7,10803.367,281.7,-10803.367,281.7,-847.378,281.7,847.378,281.7,-24878.619,281.7,847.378,281.7,847.378,281.7,10803.367,281.7,11308.042,281.7,1072.453,37.8,7391.75,318.2,10803.367,318.2,-10803.367,281.6,24878.619,281.6,-24878.619
0.014472361809045226,80.3,-12451.534,99.4,-986.07,71,-11645.355,71.5,11645.355,71.5,-11645.355,119.5,-1202.938,99.4,-986.07,74.2,-986.07,74.2,986.07,74.2,-1202.938,74.2,1202.938,74.3,12451.534,74.3,-12451.534,74.2,-986.07,74.2,986.07,74.2,-27271.966,74.2,986.07,74.2,986.07,74.2,12451.534,74.2,11645.355,74.2,1202.938,-70.2,3385.374,80.3,12451.534,80.3,-12451.534,74.2,27271.966,74.2,-27271.966
0.014673366834170854,-165.1,-11608.44,-136.1,-1313.038,-157,-10948.708,-154,10948.708,-154,-10948.708,-124.2,-1200.966,-136.1,-1313.038,-144.4,-1313.038,-144.4,1313.038,-144.4,-1200.966,-144.4,1200.966,-144.4,11608.44,-144.4,-11608.44,-144.4,-1313.038,-144.4,1313.038,-144.4,-26384.189,-144.4,1313.038,-144.4,1313.038,-144.4,11608.44,-144.4,10948.708,-144.4,1200.966,-38.2,-5304.976,-165.1,11608.44,-165.1,-11608.44,-144.4,26384.189,-144.4,-26384.189
0.014874371859296482,-376.7,-9305.303,-384.7,-1035.286,-366.8,-9845.481,-361.4,9845.481,-361.4,-9845.481,-355,-1072.982,-384.7,-1035.286,-344.8,-1035.286,-344.8,1035.286,-344.8,-1072.982,-344.8,1072.982,-344.8,9305.303,-344.8,-9305.303,-344.8,-1035.286,-344.8,1035.286,-344.8,-22294.338,-344.8,1035.286,-344.8,1035.286,-344.8,9305.303,-344.8,9845.481,-344.8,1072.982,53.3,-3638.498,-376.7,9305.303,-376.7,-9305.303,-344.8,22294.338,-344.8,-22294.338
0.01507537688442211,-535,-6336.023,-526.6,-399.909,-545.5,-7646.653,-532.6,7646.653,-532.6,-7646.653,-545.3,-792.891,-526.6,-399.909,-494.9,-399.909,-494.9,399.909,-494.9,-792.891,-494.9,792.891,-494.9,6336.023,-494.9,-6336.023,-494.9,-399.909,-494.9,399.909,-494.9,-15575.385,-494.9,399.909,-494.9,399.909,-494.9,6336.023,-494.9,7646.653,-494.9,792.891,42.6,3612.484,-534.9,6336.023,-534.9,-6336.023,-494.9,15575.385,-494.9,-15575.385
0.01527638190954774,-627.3,-2774.648,-578.8,-210.623,-661.3,-3587.782,-640.6,3587.782,-640.6,-3587.782,-663.8,-368.83,-578.8,-210.623,-581.3,-210.623,-581.3,210.623,-581.3,-368.83,-581.3,368.83,-581.3,2774.648,-581.3,-2774.648,-581.3,-210.623,-581.3,210.623,-581.3,-7152.505,-581.3,210.623,-581.3,210.623,-581.3,2774.648,-581.3,3587.782,-581.3,368.83,-32.9,3508.478,-627.2,2774.648,-627.2,-2774.648,-581.2,7152.505,-581.2,-7152.505
0.015477386934673367,-646.1,847.824,-621.8,-161.514,-683.5,1368.117,-662.6,-1368.117,-662.6,1368.117,-691.2,89.383,-621.8,-161.514,-603.3,-161.514,-603.3,161.514,-603.3,89.383,-603.3,-89.383,-603.4,-847.824,-603.4,847.824,-603.3,-161.514,-603.3,161.514,-603.3,1982.295,-603.3,161.514,-603.3,161.514,-603.3,-847.824,-603.3,-1368.117,-603.3,-89.383,-39.1,-2291.817,-646.1,-847.824,-646.1,847.824,-603.2,-1982.295,-603.2,1982.295
0.015678391959798994,-596,4095.436,-605.5,405.209,-612.6,5440.536,-597.6,-5440.536,-597.6,5440.536,-633.5,467.401,-605.5,405.209,-555.7,405.209,-555.7,-405.209,-555.7,467.401,-555.7,-467.401,-555.7,-4095.436,-555.7,4095.436,-555.7,405.209,-555.7,-405.209,-555.6,10813.792,-555.6,-405.209,-555.6,-405.209,-555.6,-4095.436,-555.6,-5440.536,-555.6,-467.401,19.3,-3176.667,-596,-4095.436,-596,4095.436,-555.5,-10813.792,-555.5,10813.792
0.01587939698492462,-480.8,7417.506,-457,993.69,-474.5,8098.773,-464.5,-8098.773,-464.5,8098.773,-509.4,757.194,-457,993.69,-436.8,993.69,-436.8,-993.69,-436.8,757.194,-436.8,-757.194,-436.9,-7417.506,-436.9,7417.506,-436.8,993.69,-436.8,-993.69,-436.8,18260.853,-436.8,-993.69,-436.8,-993.69,-436.8,-7417.506,-436.8,-8098.773,-436.8,-757.194,32.7,1259.109,-480.7,-7417.506,-480.7,7417.506,-436.7,-18260.853,-436.7,18260.853
0.016080402010050253,-298.5,10569.096,-250.9,965.75,-292.6,9890.561,-285.3,-9890.561,-285.3,9890.561,-332.7,991.094,-250.9,965.75,-265.5,965.75,-265.5,-965.75,-265.5,991.094,-265.5,-991.094,-265.6,-10569.096,-265.6,10569.096,-265.5,965.75,-265.5,-965.75,-265.5,23382.249,-265.5,-965.75,-265.5,-965.75,-265.5,-10569.096,-265.5,-9890.561,-265.5,-991.094,-12.3,2791.665,-298.4,-10569.096,-298.4,10569.096,-265.4,-23382.249,-265.4,23382.249
0.01628140703517588,-68.8,11833.568,-75,840.839,-81.5,10968.891,-77.9,-10968.891,-77.9,10968.891,-116.6,1138.916,-75,840.839,-68.8,840.839,-68.8,-840.839,-68.8,1138.916,-68.8,-1138.916,-68.8,-11833.568,-68.8,11833.568,-68.8,840.839,-68.8,-840.839,-68.8,25623.052,-68.8,-840.839,-68.8,-840.839,-68.8,-11833.568,-68.8,-10968.891,-68.8,-1138.916,-32.2,-496.366,-68.8,-11833.568,-68.8,11833.568,-68.7,-25623.052,-68.7,25623.052
0.01648241206030151,159.2,10501.416,115.1,1083.364,141.1,10980.701,139.4,-10980.701,139.4,10980.701,115.7,1146.826,115.1,1083.364,133.4,1083.364,133.4,-1083.364,133.4,1146.826,133.4,-1146.826,133.4,-10501.416,133.4,10501.416,133.4,1083.364,133.4,-1083.364,133.4,24795.671,133.4,-1083.364,133.4,-1083.364,133.4,-10501.416,133.4,-10980.701,133.4,-1146.826,0.2,-2339.366,159.2,-10501.416,159.2,10501.416,133.4,-24795.671,133.4,24795.671
0.016683417085427137,346.7,8160.278,342.6,1073.499,351.2,9692.764,343.4,-9692.764,343.4,9692.764,334.4,1006.009,342.6,1073.499,320,1073.499,320,-1073.499,320,1006.009,320,-1006.009,320.1,-8160.278,320.1,8160.278,320,1073.499,320,-1073.499,320,21006.047,320,-1073.499,320,-1073.499,320,-8160.278,320,-9692.764,320,-1006.009,22.4,-29.777,346.7,-8160.278,346.7,8160.278,320,-21006.047,320,21006.047
0.016884422110552764,489.5,6062.871,505.6,498.853,520.9,6944.029,506.3,-6944.029,506.3,6944.029,511,730.245,505.6,498.853,463.7,498.853,463.7,-498.853,463.7,730.245,463.7,-730.245,463.7,-6062.871,463.7,6062.871,463.7,498.853,463.7,-498.853,463.7,14734.85,463.7,-498.853,463.7,-498.853,463.7,-6062.871,463.7,-6944.029,463.7,-730.245,1.3,1910.385,489.5,-6062.871,489.5,6062.871,463.7,-14734.85,463.7,14734.85
0.017085427135678392,586.9,3437.222,555.7,87.962,621.1,2862.162,602,-2862.162,602,2862.162,620.5,345.395,555.7,87.962,546.8,87.962,546.8,-87.962,546.8,345.395,546.8,-345.395,546.8,-3437.222,546.8,3437.222,546.8,87.962,546.8,-87.962,546.8,6820.703,546.8,-87.962,546.8,-87.962,546.8,-3437.222,546.8,-2862.162,546.8,-345.395,-20.1,418.921,586.8,-3437.222,586.8,3437.222,546.7,-6820.703,546.7,6820.703
0.01728643216080402,619.2,-372.671,570.5,74.515,634.2,-1478.81,616.8,1478.81,616.8,-1478.81,647.8,-69.74,570.5,74.515,567.3,74.515,567.3,-74.515,567.3,-69.74,567.3,69.74,567.4,372.671,567.4,-372.671,567.3,74.515,567.3,-74.515,567.3,-1772.191,567.3,-74.515,567.3,-74.515,567.3,372.671,567.3,1478.81,567.3,69.74,-5.9,-1457.613,619.2,372.671,619.2,-372.671,567.2,1772.191,567.2,-1772.191
0.017487437185929648,570.4,-4401.652,563.2,-243.02,569.1,-4773.439,557.1,4773.439,557.1,-4773.439,596.8,-422.755,563.2,-243.02,523.6,-243.02,523.6,243.02,523.6,-422.755,523.6,422.755,523.7,4401.652,523.7,-4401.652,523.6,-243.02,523.6,243.02,523.6,-10083.886,523.6,243.02,523.6,243.02,523.6,4401.652,523.6,4773.439,523.6,422.755,15.6,-601.312,570.4,4401.652,570.4,-4401.652,523.5,10083.886,523.5,-10083.886
0.017688442211055276,448,-7611.296,448.4,-886.886,449.5,-7030.962,439.8,7030.962,439.8,-7030.962,483,-700.942,448.4,-886.886,413.2,-886.886,413.2,886.886,413.1,-700.942,413.1,700.942,413.2,7611.296,413.2,-7611.296,413.2,-886.886,413.2,886.886,413.1,-17116.971,413.1,886.886,413.1,886.886,413.1,7611.296,413.1,7030.962,413.1,700.942,9.2,1075.827,448,7611.296,448,-7611.296,413.1,17116.971,413.1,-17116.971
0.017889447236180904,271.3,-9782.176,240.6,-1062.752,287.3,-9115.421,277.4,9115.421,277.4,-9115.421,317.7,-936.392,240.6,-1062.752,250.3,-1062.752,250.3,1062.752,250.4,-936.392,250.4,936.392,250.4,9782.176,250.4,-9782.176,250.3,-1062.752,250.3,1062.752,250.3,-21959.492,250.3,1062.752,250.3,1062.752,250.3,9782.176,250.3,9115.421,250.3,936.392,-8.2,691.196,271.3,9782.176,271.3,-9782.176,250.3,21959.492,250.3,-21959.492
0.018090452261306532,64.2,-10535.961,52.2,-806.591,85.2,-10822.182,79.5,10822.182,79.5,-10822.182,111.7,-1093.122,52.2,-806.591,64.3,-806.591,64.3,806.591,64.3,-1093.122,64.3,1093.122,64.3,10535.961,64.3,-10535.961,64.3,-806.591,64.3,806.591,64.3,-24064.446,64.3,806.591,64.3,806.591,64.3,10535.961,64.3,10822.182,64.3,1093.122,-5.6,-735.256,64.2,10535.961,64.2,-10535.961,64.3,24064.446,64.3,-24064.446
0.01829145728643216,-140.6,-9603.514,-106.4,-847.685,-136.7,-10911.01,-133.4,10911.01,-133.4,-10911.01,-110.9,-1091.781,-106.4,-847.685,-122.6,-847.685,-122.6,847.685,-122.6,-1091.781,-122.6,1091.781,-122.6,9603.514,-122.6,-9603.514,-122.6,-847.685,-122.6,847.685,-122.6,-23301.675,-122.6,847.685,-122.6,847.685,-122.6,9603.514,-122.6,10911.01,-122.6,1091.781,9.2,-686.79,-140.6,9603.514,-140.6,-9603.514,-122.7,23301.675,-122.7,-23301.675
0.018492462311557788,-316.5,-7873.537,-298.5,-1014.569,-339.5,-8973.946,-328.5,8973.946,-328.5,-8973.946,-316,-926.151,-298.5,-1014.569,-296.1,-1014.569,-296.1,1014.569,-296.1,-926.151,-296.1,926.151,-296.1,7873.537,-296.1,-7873.537,-296.1,-1014.569,-296.1,1014.569,-296.1,-19802.77,-296.1,1014.569,-296.1,1014.569,-296.1,7873.537,-296.1,8973.946,-296.1,926.151,9.5,464.683,-316.5,7873.537,-316.5,-7873.537,-296.1,19802.77,-296.1,-19802.77
0.018693467336683416,-457.6,-6141.403,-475.3,-645.439,-489.7,-5866.245,-475.6,5866.245,-475.6,-5866.245,-476.5,-658.735,-475.3,-645.439,-434.7,-645.439,-434.7,645.439,-434.7,-658.735,-434.7,658.735,-434.7,6141.403,-434.7,-6141.403,-434.7,-645.439,-434.7,645.439,-434.7,-13957.262,-434.7,645.439,-434.7,645.439,-434.7,6141.403,-434.7,5866.245,-434.7,658.735,-2.8,631.924,-457.6,6141.403,-457.6,-6141.403,-434.7,13957.262,-434.7,-13957.262
0.018894472361809043,-557.9,-3586.073,-542.9,-66.246,-573.4,-2450.892,-558.7,2450.892,-558.7,-2450.892,-576.9,-332.231,-542.9,-66.246,-516.4,-66.246,-516.4,66.246,-516.4,-332.231,-516.4,332.231,-516.4,3586.073,-516.4,-3586.073,-516.4,-66.246,-516.4,66.246,-516.4,-6501.688,-516.4,66.246,-516.4,66.246,-516.4,3586.073,-516.4,2450.892,-516.4,332.231,-6.3,-262.421,-557.8,3586.073,-557.8,-3586.073,-516.3,6501.688,-516.3,-6501.688
0.019095477386934675,-590.8,504.605,-533.7,86.696,-588.6,899.898,-574.5,-899.898,-574.5,899.898,-607.6,29.504,-533.7,86.696,-534.2,86.696,-534.2,-86.696,-534.2,29.504,-534.2,-29.504,-534.3,-504.605,-534.3,504.605,-534.2,86.696,-534.2,-86.696,-534.2,1607.399,-534.2,-86.696,-534.2,-86.696,-534.2,-504.605,-534.2,-899.898,-534.2,-29.504,1.9,-570.688,-590.8,-504.605,-590.8,504.605,-534.1,-1607.399,-534.1,1607.399
0.019296482412060303,-536.5,4739.381,-512,185.498,-539.4,3927.931,-526.8,-3927.931,-526.8,3927.931,-566,377.794,-512,185.498,-491.1,185.498,-491.1,-185.498,-491.1,377.794,-491.1,-377.794,-491.2,-4739.381,-491.2,4739.381,-491.1,185.498,-491.1,-185.498,-491.1,9416.103,-491.1,-185.498,-491.1,-185.498,-491.1,-4739.381,-491.1,-3927.931,-491.1,-377.794,5.1,96.261,-536.5,-4739.381,-536.5,4739.381,-491,-9416.103,-491,9416.103
0.01949748743718593,-411.6,7367.845,-428.4,695.063,-433.2,6591.652,-421.5,-6591.652,-421.5,6591.652,-459.5,671.143,-428.4,695.063,-389,695.063,-389,-695.063,-389,671.143,-389,-671.143,-389,-7367.845,-389,7367.845,-389,695.063,-389,-695.063,-388.9,16020.766,-388.9,-695.063,-388.9,-695.063,-388.9,-7367.845,-388.9,-6591.652,-388.9,-671.143,-2.1,469.569,-411.6,-7367.845,-411.6,7367.845,-388.9,-16020.766,-388.9,16020.766
0.01969849246231156,-250,8579.508,-242.4,1064.115,-276,8990.71,-265.8,-8990.71,-265.8,8990.71,-300.4,900.452,-242.4,1064.115,-237.7,1064.115,-237.7,-1064.115,-237.7,900.452,-237.7,-900.452,-237.7,-8579.508,-237.7,8579.508,-237.7,1064.115,-237.7,-1064.115,-237.7,20598.899,-237.7,-1064.115,-237.7,-1064.115,-237.7,-8579.508,-237.7,-8990.71,-237.7,-900.452,-6.9,4.615,-249.9,-8579.508,-249.9,8579.508,-237.6,-20598.899,-237.6,20598.899
0.019899497487437186,-69.7,9294.367,-41.7,867.193,-77.3,10547.098,-73.1,-10547.098,-73.1,10547.098,-103.8,1035.07,-41.7,867.193,-62.3,867.193,-62.3,-867.193,-62.3,1035.07,-62.3,-1035.07,-62.3,-9294.367,-62.3,9294.367,-62.3,867.193,-62.3,-867.193,-62.3,22610.92,-62.3,-867.193,-62.3,-867.193,-62.3,-9294.367,-62.3,-10547.098,-62.3,-1035.07,-2.7,-380.915,-69.7,-9294.367,-69.7,9294.367,-62.2,-22610.92,-62.2,22610.92
0.020100502512562814,119,9302.48,109.1,699.785,135,10201.026,129.6,-10201.026,129.6,10201.026,105.4,1017.782,109.1,699.785,113.2,699.785,113.2,-699.785,113.2,1017.782,113.2,-1017.782,113.2,-9302.48,113.2,9302.48,113.2,699.785,113.2,-699.785,113.2,21920.859,113.2,-699.785,113.2,-699.785,113.2,-9302.48,113.2,-10201.026,113.2,-1017.782,1.8,-77.74,119,-9302.48,119,9302.48,113.2,-21920.859,113.2,21920.859
0.020301507537688442,296,8108.511,265.2,869.426,319.8,7972.107,308.6,-7972.107,308.6,7972.107,295.2,851.891,265.2,869.426,275.4,869.426,275.4,-869.426,275.4,851.891,275.4,-851.891,275.4,-8108.511,275.4,8108.511,275.4,869.426,275.4,-869.426,275.4,18671.361,275.4,-869.426,275.4,-869.426,275.4,-8108.511,275.4,-7972.107,275.4,-851.891,-0.6,296.873,296,-8108.511,296,8108.511,275.4,-18671.361,275.4,18671.361
0.02050251256281407,438.6,5951.84,436.9,736.837,451.8,5172.779,440.5,-5172.779,440.5,5172.779,442.8,610.088,436.9,736.837,407.8,736.837,407.8,-736.837,407.8,610.088,407.8,-610.088,407.9,-5951.84,407.9,5951.84,407.8,736.837,407.8,-736.837,407.8,13208.382,407.8,-736.837,407.8,-736.837,407.8,-5951.84,407.8,-5172.779,407.8,-610.088,-4.2,126.543,438.6,-5951.84,438.6,5951.84,407.8,-13208.382,407.8,13208.382
0.020703517587939698,529.9,2979.456,527.2,134.925,529.7,2605.469,518.8,-2605.469,518.8,2605.469,538.2,332.055,527.2,134.925,487.4,134.925,487.4,-134.925,487.4,332.055,487.4,-332.055,487.4,-2979.456,487.4,2979.456,487.4,134.925,487.4,-134.925,487.4,6186.83,487.4,-134.925,487.4,-134.925,487.4,-2979.456,487.4,-2605.469,487.4,-332.055,-2.2,-212.697,529.8,-2979.456,529.8,2979.456,487.4,-6186.83,487.4,6186.83
0.020904522613065326,552.5,-824.364,509.3,-225.212,554.9,-190.232,541.4,190.232,541.4,-190.232,572.8,3.424,509.3,-225.212,502.7,-225.212,502.7,225.212,502.7,3.424,502.7,-3.424,502.8,824.364,502.8,-824.364,502.7,-225.212,502.7,225.212,502.7,-1461.595,502.7,225.212,502.7,225.212,502.7,824.364,502.7,190.232,502.7,-3.424,2.2,-141.553,552.4,824.364,552.4,-824.364,502.6,1461.595,502.6,-1461.595
0.021105527638190954,497.8,-4452.251,463,-226.84,518.1,-3529.626,502.8,3529.626,502.8,-3529.626,537.6,-352.213,463,-226.84,459.6,-226.84,459.6,226.84,459.6,-352.213,459.6,352.213,459.7,4452.251,459.7,-4452.251,459.6,-226.84,459.6,226.84,459.6,-8787.77,459.6,226.84,459.6,226.84,459.6,4452.251,459.6,3529.626,459.6,352.213,2.6,149.81,497.7,4452.251,497.7,-4452.251,459.5,8787.77,459.5,-8787.77
0.021306532663316582,383.8,-6606.533,397.8,-498.147,414,-6716.353,401.3,6716.353,401.3,-6716.353,434.8,-656.651,397.8,-498.147,365.7,-498.147,365.7,498.147,365.7,-656.651,365.7,656.651,365.7,6606.533,365.7,-6606.533,365.7,-498.147,365.7,498.147,365.7,-14975.832,365.7,498.147,365.7,498.147,365.7,6606.533,365.7,6716.353,365.7,656.651,0.1,146.859,383.8,6606.533,383.8,-6606.533,365.6,14975.832,365.6,-14975.832
0.02150753768844221,240,-7635.215,248.2,-960.6,255,-8897.216,247.5,8897.216,247.5,-8897.216,280.6,-859.551,248.2,-960.6,227.3,-960.6,227.3,960.6,227.3,-859.551,227.3,859.551,227.3,7635.215,227.3,-7635.215,227.3,-960.6,227.3,960.6,227.3,-19313.183,227.3,960.6,227.3,960.6,227.3,7635.215,227.3,8897.216,227.3,859.551,0.3,-91.042,239.9,7635.215,239.9,-7635.215,227.2,19313.183,227.2,-19313.183
0.021708542713567838,76.3,-8674.634,45.1,-961.445,65.6,-9711.749,64.3,9711.749,64.3,-9711.749,96.3,-956.148,45.1,-961.445,61.8,-961.445,61.8,961.445,61.8,-956.148,61.8,956.148,61.8,8674.634,61.8,-8674.634,61.8,-961.445,61.8,961.445,61.8,-21265.42,61.8,961.445,61.8,961.445,61.8,8674.634,61.8,9711.749,61.8,956.148,2.9,-130.235,76.3,8674.634,76.3,-8674.634,61.8,21265.42,61.8,-21265.42
0.02190954773869347,-106.1,-9281.56,-117.6,-672.137,-125.7,-9080.095,-120.8,9080.095,-120.8,-9080.095,-96.1,-937.812,-117.6,-672.137,-105.9,-672.137,-105.9,672.137,-105.9,-937.812,-105.9,937.812,-105.9,9281.56,-105.9,-9281.56,-105.9,-672.137,-105.9,672.137,-105.9,-20643.742,-105.9,672.137,-105.9,672.137,-105.9,9281.56,-105.9,9080.095,-105.9,937.812,3.4,49.85,-106.2,9281.56,-106.2,-9281.56,-105.9,20643.742,-105.9,-20643.742
0.022110552763819097,-284.4,-8106.485,-248.2,-685.433,-291.7,-7312.03,-283.3,7312.03,-283.3,-7312.03,-272.8,-802.954,-248.2,-685.433,-258.4,-685.433,-258.4,685.433,-258.4,-802.954,-258.4,802.954,-258.4,8106.485,-258.4,-8106.485,-258.4,-685.433,-258.4,685.433,-258.4,-17592.335,-258.4,685.433,-258.4,685.433,-258.4,8106.485,-258.4,7312.03,-258.4,802.954,1.3,112.941,-284.4,8106.485,-284.4,-8106.485,-258.4,17592.335,-258.4,-17592.335
0.022311557788944725,-420.8,-5296.68,-394.9,-714.436,-417.1,-5157.773,-408.2,5157.773,-408.2,-5157.773,-413.6,-588.798,-394.9,-714.436,-382,-714.436,-382,714.436,-382,-588.798,-382,588.798,-382.1,5296.68,-382.1,-5296.68,-382,-714.436,-382,714.436,-382,-12472.123,-382,714.436,-382,714.436,-382,5296.68,-382,5157.773,-382,588.798,0,-22.172,-420.7,5296.68,-420.7,-5296.68,-382,12472.123,-382,-12472.123
0.022512562814070353,-495.4,-2153.803,-499.4,-251.015,-498.6,-2903.12,-488.2,2903.12,-488.2,-2903.12,-506.4,-326.168,-499.4,-251.015,-457.9,-251.015,-457.9,251.015,-457.9,-326.168,-457.9,326.168,-457.9,2153.803,-457.9,-2153.803,-457.9,-251.015,-457.9,251.015,-457.9,-5885.12,-457.9,251.015,-457.9,251.015,-457.9,2153.803,-457.9,2903.12,-457.9,326.168,0.7,-100.228,-495.3,2153.803,-495.3,-2153.803,-457.8,5885.12,-457.8,-5885.12
0.02271356783919598,-508.8,788.888,-492.2,263.289,-529.4,0.425,-514.7,-0.425,-514.7,0.425,-540.9,-8.469,-492.2,263.289,-472.8,263.289,-472.8,-263.289,-472.8,-8.469,-472.8,8.469,-472.8,-788.888,-472.8,788.888,-472.8,263.289,-472.8,-263.289,-472.8,1307.421,-472.8,-263.289,-472.8,-263.289,-472.8,-788.888,-472.8,-0.425,-472.8,8.469,0.9,-6.151,-508.8,-788.888,-508.8,788.888,-472.7,-1307.421,-472.7,1307.421
0.02291457286432161,-464.5,3581.234,-427,322.94,-493.4,3623.962,-477.2,-3623.962,-477.2,3623.962,-507.5,339.816,-427,322.94,-431.4,322.94,-431.4,-322.94,-431.4,339.816,-431.4,-339.816,-431.4,-3581.234,-431.4,3581.234,-431.4,322.94,-431.4,-322.94,-431.4,8190.893,-431.4,-322.94,-431.4,-322.94,-431.4,-3581.234,-431.4,-3623.962,-431.4,-339.816,-0.7,74.291,-464.4,-3581.234,-464.4,3581.234,-431.3,-8190.893,-431.3,8190.893
0.023115577889447236,-368.5,5842.551,-362.2,380.386,-386.9,6769.879,-375.7,-6769.879,-375.7,6769.879,-408.3,630.641,-362.2,380.386,-344.4,380.386,-344.4,-380.386,-344.4,630.641,-344.4,-630.641,-344.4,-5842.551,-344.4,5842.551,-344.4,380.386,-344.4,-380.386,-344.4,14003.844,-344.4,-380.386,-344.4,-380.386,-344.4,-5842.551,-344.4,-6769.879,-344.4,-630.641,-2.2,14.007,-368.4,-5842.551,-368.4,5842.551,-344.3,-14003.844,-344.3,14003.844
0.023316582914572864,-234.6,7381.173,-247.3,795.162,-232.2,8341.709,-228.1,-8341.709,-228.1,8341.709,-262.2,802.758,-247.3,795.162,-217.3,795.162,-217.3,-795.162,-217.3,802.758,-217.3,-802.758,-217.3,-7381.173,-217.3,7381.173,-217.3,795.162,-217.3,-795.162,-217.3,18115.964,-217.3,-795.162,-217.3,-795.162,-217.3,-7381.173,-217.3,-8341.709,-217.3,-802.758,-2,-60.721,-234.6,-7381.173,-234.6,7381.173,-217.2,-18115.964,-217.2,18115.964
0.023517587939698492,-74.1,8533.86,-56.8,1009.987,-60.6,8579.178,-60.5,-8579.178,-60.5,8579.178,-92.2,875.574,-56.8,1009.987,-61.1,1009.987,-61.1,-1009.987,-61.1,875.574,-61.1,-875.574,-61.2,-8533.86,-61.2,8533.86,-61.1,1009.987,-61.1,-1009.987,-61.1,20008.585,-61.1,-1009.987,-61.1,-1009.987,-61.1,-8533.86,-61.1,-8579.178,-61.1,-875.574,-1.4,-23.699,-74.1,-8533.86,-74.1,8533.86,-61.1,-20008.585,-61.1,20008.585
0.02371859296482412,103.5,8918.949,122.9,730.842,108.7,8188.606,106.7,-8188.606,106.7,8188.606,84.9,873.669,122.9,730.842,100,730.842,100,-730.842,100,873.669,100,-873.669,100,-8918.949,100,8918.949,100,730.842,100,-730.842,100,19442.908,100,-730.842,100,-730.842,100,-8918.949,100,-8188.606,100,-873.669,-1.6,44.183,103.5,-8918.949,103.5,8918.949,100,-19442.908,100,19442.908
0.023919597989949748,272,7508.482,243.5,530.395,264.7,7214.612,259.4,-7214.612,259.4,7214.612,252.6,776.224,243.5,530.395,243.4,530.395,243.4,-530.395,243.4,776.224,243.4,-776.224,243.4,-7508.482,243.4,7508.482,243.4,530.395,243.4,-530.395,243.4,16560.109,243.4,-530.395,243.4,-530.395,243.4,-7508.482,243.4,-7214.612,243.4,-776.224,-2,28.591,272,-7508.482,272,7508.482,243.4,-16560.109,243.4,16560.109
0.024120603015075376,394.9,4597.298,356.1,591.819,393,5405.405,383.8,-5405.405,383.8,5405.405,389.8,573.993,356.1,591.819,356.8,591.819,356.8,-591.819,356.8,573.993,356.8,-573.993,356.8,-4597.298,356.8,4597.298,356.8,591.819,356.8,-591.819,356.8,11760.335,356.8,-591.819,356.8,-591.819,356.8,-4597.298,356.8,-5405.405,356.8,-573.993,-1.5,-27.05,394.9,-4597.298,394.9,4597.298,356.8,-11760.335,356.8,11760.335
0.024321608040201004,457.8,1789.261,459.8,355.65,476.7,2806.71,464.2,-2806.71,464.2,2806.71,478.6,301.119,459.8,355.65,428.2,355.65,428.2,-355.65,428.2,301.119,428.2,-301.119,428.2,-1789.261,428.2,1789.261,428.2,355.65,428.2,-355.65,428.2,5608.389,428.2,-355.65,428.2,-355.65,428.2,-1789.261,428.2,-2806.71,428.2,-301.119,-0.3,-23.936,457.8,-1789.261,457.8,1789.261,428.1,-5608.389,428.1,5608.389
0.02452261306532663,471.6,-376.401,476.4,-188.222,501.9,-381.06,487.1,381.06,487.1,-381.06,508.5,-7.391,476.4,-188.222,445.1,-188.222,445.1,188.222,445.1,-7.391,445.1,7.391,445.1,376.401,445.1,-376.401,445.1,-188.222,445.1,188.222,445.1,-1141.296,445.1,188.222,445.1,188.222,445.1,376.401,445.1,381.06,445.1,7.391,0.4,22.331,471.5,376.401,471.5,-376.401,445,1141.296,445,-1141.296
0.024723618090452263,441,-2766.761,407.3,-416.817,460.3,-3712.92,446.4,3712.92,446.4,-3712.92,475.2,-320.706,407.3,-416.817,407.1,-416.817,407.1,416.817,407.1,-320.706,407.1,320.706,407.1,2766.761,407.1,-2766.761,407.1,-416.817,407.1,416.817,407.1,-7634.022,407.1,416.817,407.1,416.817,407.1,2766.761,407.1,3712.92,407.1,320.706,0.6,29.039,440.9,2766.761,440.9,-2766.761,407,7634.022,407,-7634.022
0.02492462311557789,357.6,-5506.378,328.3,-378.879,357.8,-6272.981,349.1,6272.981,349.1,-6272.981,383.2,-581.235,328.3,-378.879,324.7,-378.879,324.7,378.879,324.7,-581.235,324.7,581.235,324.8,5506.378,324.8,-5506.378,324.7,-378.879,324.7,378.879,324.7,-13118.352,324.7,378.879,324.7,378.879,324.7,5506.378,324.7,6272.981,324.7,581.235,1,-7.899,357.6,5506.378,357.6,-5506.378,324.7,13118.352,324.7,-13118.352
0.02512562814070352,224.5,-7543.202,233.3,-628.906,217.6,-7459.602,214.4,7459.602,214.4,-7459.602,248.4,-742.049,233.3,-628.906,205.9,-628.906,205.9,628.906,205.9,-742.049,205.9,742.049,206,7543.202,206,-7543.202,205.9,-628.906,205.9,628.906,205.9,-17002.666,205.9,628.906,205.9,628.906,205.9,7543.202,205.9,7459.602,205.9,742.049,1.7,-21.52,224.5,7543.202,224.5,-7543.202,205.9,17002.666,205.9,-17002.666
0.025326633165829147,63.1,-8310.731,68.9,-959.659,63.9,-7765.058,62.5,7765.058,62.5,-7765.058,90.6,-817.211,68.9,-959.659,59.5,-959.659,59.5,959.659,59.5,-817.211,59.5,817.211,59.5,8310.731,59.5,-8310.731,59.5,-959.659,59.5,959.659,59.5,-18812.318,59.5,959.659,59.5,959.659,59.5,8310.731,59.5,7765.058,59.5,817.211,2.1,4.39,63.1,8310.731,63.1,-8310.731,59.4,18812.318,59.4,-18812.318
0.025527638190954775,-102.6,-8009.084,-117.6,-809.413,-93.3,-7841.511,-93.6,7841.511,-93.6,-7841.511,-76.1,-829.715,-117.6,-809.413,-93.7,-809.413,-93.7,809.413,-93.7,-829.715,-93.7,829.715,-93.7,8009.084,-93.7,-8009.084,-93.7,-809.413,-93.7,809.413,-93.7,-18299.136,-93.7,809.413,-93.7,809.413,-93.7,8009.084,-93.7,7841.511,-93.7,829.715,1.8,18.502,-102.6,8009.084,-102.6,-8009.084,-93.7,18299.136,-93.7,-18299.136
0.025728643216080403,-251.7,-6639.921,-242.5,-461.524,-247.1,-7276.369,-242.6,7276.369,-242.6,-7276.369,-236.7,-748.672,-242.5,-461.524,-228.7,-461.524,-228.7,461.524,-228.7,-748.672,-228.7,748.672,-228.7,6639.921,-228.7,-6639.921,-228.7,-461.524,-228.7,461.524,-228.7,-15588.01,-228.7,461.524,-228.7,461.524,-228.7,6639.921,-228.7,7276.369,-228.7,748.672,1.3,-1.725,-251.7,6639.921,-251.7,-6639.921,-228.7,15588.01,-228.7,-15588.01
0.02592964824120603,-363.1,-4358.74,-327.2,-433.54,-376.2,-5322.583,-365.2,5322.583,-365.2,-5322.583,-368.7,-545.741,-327.2,-433.54,-333,-433.54,-333,433.54,-333,-545.741,-333,545.741,-333,4358.74,-333,-4358.74,-333,-433.54,-333,433.54,-333,-11094.143,-333,433.54,-333,433.54,-333,4358.74,-333,5322.583,-333,545.741,1.1,-17.827,-363.1,4358.74,-363.1,-4358.74,-333,11094.143,-333,-11094.143
0.02613065326633166,-426.6,-2009.558,-416.3,-394.811,-453.7,-2287.671,-439.8,2287.671,-439.8,-2287.671,-450.9,-266.087,-416.3,-394.811,-400.1,-394.811,-400.1,394.811,-400.1,-266.087,-400.1,266.087,-400.1,2009.558,-400.1,-2009.558,-400.1,-394.811,-400.1,394.811,-400.1,-5352.937,-400.1,394.811,-400.1,394.811,-400.1,2009.558,-400.1,2287.671,-400.1,266.087,0.7,-5.888,-426.5,2009.558,-426.5,-2009.558,-400,5352.937,-400,-5352.937
0.026331658291457286,-446.2,53.334,-455.9,52.185,-467.9,804.529,-455.4,-804.529,-455.4,804.529,-475.3,20.217,-455.9,52.185,-419.6,52.185,-419.6,-52.185,-419.6,20.217,-419.6,-20.217,-419.6,-53.334,-419.6,53.334,-419.6,52.185,-419.6,-52.185,-419.6,982.449,-419.6,-52.185,-419.6,-52.185,-419.6,-53.334,-419.6,-804.529,-419.6,-20.217,-0.1,8.828,-446.2,-53.334,-446.2,53.334,-419.5,-982.449,-419.5,982.449
0.026532663316582914,-421.4,2533.632,-398.3,458.502,-424.9,3386.183,-414.6,-3386.183,-414.6,3386.183,-444.1,286.778,-398.3,458.502,-385.5,458.502,-385.5,-458.502,-385.5,286.778,-385.5,-286.778,-385.6,-2533.632,-385.6,2533.632,-385.5,458.502,-385.5,-458.502,-385.5,7123.597,-385.5,-458.502,-385.5,-458.502,-385.5,-2533.632,-385.5,-3386.183,-385.5,-286.778,-0.8,1.964,-421.4,-2533.632,-421.4,2533.632,-385.5,-7123.597,-385.5,7123.597
0.026733668341708542,-340.8,5469.8,-301.1,462.856,-335.7,5390.084,-327.8,-5390.084,-327.8,5390.084,-362,522.522,-301.1,462.856,-305.9,462.856,-305.9,-462.856,-305.9,522.522,-305.9,-522.522,-305.9,-5469.8,-305.9,5469.8,-305.9,462.856,-305.9,-462.856,-305.9,12308.119,-305.9,-462.856,-305.9,-462.856,-305.9,-5469.8,-305.9,-5390.084,-305.9,-522.522,-1.3,-10.977,-340.8,-5469.8,-340.8,5469.8,-305.8,-12308.119,-305.8,12308.119
0.02693467336683417,-208,7472.772,-208.4,512.655,-212.4,6763.262,-207.2,-6763.262,-207.2,6763.262,-238.3,695.235,-208.4,512.655,-193.1,512.655,-193.1,-512.655,-193.1,695.235,-193.1,-695.235,-193.2,-7472.772,-193.2,7472.772,-193.1,512.655,-193.1,-512.655,-193.1,15956.58,-193.1,-512.655,-193.1,-512.655,-193.1,-7472.772,-193.1,-6763.262,-193.1,-695.235,-1.5,-6.995,-207.9,-7472.772,-207.9,7472.772,-193.1,-15956.58,-193.1,15956.58
0.027135678391959798,-52.8,7706.389,-75.7,816.479,-67.8,7540.612,-64.8,-7540.612,-64.8,7540.612,-88.2,783.98,-75.7,816.479,-57.3,816.479,-57.3,-816.479,-57.3,783.98,-57.3,-783.98,-57.3,-7706.389,-57.3,7706.389,-57.3,816.479,-57.3,-816.479,-57.3,17663.938,-57.3,-816.479,-57.3,-816.479,-57.3,-7706.389,-57.3,-7540.612,-57.3,-783.98,-1.7,5.749,-52.7,-7706.389,-52.7,7706.389,-57.3,-17663.938,-57.3,17663.938
0.027336683417085426,95.4,6975.502,100.4,848.762,87,7748.979,87,-7748.979,87,7748.979,71.4,790.795,100.4,848.762,85.8,848.762,85.8,-848.762,85.8,790.795,85.8,-790.795,85.8,-6975.502,85.8,6975.502,85.8,848.762,85.8,-848.762,85.8,17212.801,85.8,-848.762,85.8,-848.762,85.8,-6975.502,85.8,-7748.979,85.8,-790.795,-1.7,6.303,95.4,-6975.502,95.4,6975.502,85.8,-17212.801,85.8,17212.801
0.027537688442211054,226.6,6041.29,237.4,492.172,237.1,6962.443,231.3,-6962.443,231.3,6962.443,223.3,702.307,237.4,492.172,213.8,492.172,213.8,-492.172,213.8,702.307,213.8,-702.307,213.8,-6041.29,213.8,6041.29,213.8,492.172,213.8,-492.172,213.8,14690.385,213.8,-492.172,213.8,-492.172,213.8,-6041.29,213.8,-6962.443,213.8,-702.307,-1.5,-2.131,226.6,-6041.29,226.6,6041.29,213.8,-14690.385,213.8,14690.385
0.027738693467336685,334.7,4576.035,311.5,309.197,357.3,4781.12,345.7,-4781.12,345.7,4781.12,346.3,505.166,311.5,309.197,311.9,309.197,311.9,-309.197,311.9,505.166,311.9,-505.166,311.9,-4576.035,311.9,4576.035,311.9,309.197,311.9,-309.197,311.9,10480.715,311.9,-309.197,311.9,-309.197,311.9,-4576.035,311.9,-4781.12,311.9,-505.166,-1,-2.806,334.7,-4576.035,334.7,4576.035,311.9,-10480.715,311.9,10480.715
0.027939698492462313,405.3,2354.528,378.1,344.413,423.9,1815.851,411.3,-1815.851,411.3,1815.851,421.9,242.589,378.1,344.413,375,344.413,375,-344.413,375,242.589,375,-242.589,375,-2354.528,375,2354.528,375,344.413,375,-344.413,375,5101.793,375,-344.413,375,-344.413,375,-2354.528,375,-1815.851,375,-242.589,-0.4,4.935,405.3,-2354.528,405.3,2354.528,374.9,-5101.793,374.9,5101.793
0.02814070351758794,427.3,-181.606,427.1,68.363,433,-790.22,423.2,790.22,423.2,-790.22,444.3,-15.461,427.1,68.363,395.3,68.363,395.3,-68.363,395.3,-15.461,395.3,15.461,395.3,181.606,395.3,-181.606,395.3,68.363,395.3,-68.363,395.3,-850.56,395.3,-68.363,395.3,-68.363,395.3,181.606,395.3,790.22,395.3,15.461,0.1,7.488,427.3,181.606,427.3,-181.606,395.2,850.56,395.2,-850.56
0.02834170854271357,397.6,-2780.308,389.8,-421.404,396.5,-2777.079,388.1,2777.079,388.1,-2777.079,417.3,-250.83,389.8,-421.404,364.6,-421.404,364.6,421.404,364.6,-250.83,364.6,250.83,364.6,2780.308,364.6,-2780.308,364.6,-421.404,364.6,421.404,364.6,-6651.026,364.6,421.404,364.6,421.404,364.6,2780.308,364.6,2777.079,364.6,250.83,0.6,1.761,397.6,2780.308,397.6,-2780.308,364.5,6651.026,364.5,-6651.026
0.028542713567839197,316,-5270.698,283.5,-558.355,321.7,-4682.036,312.8,4682.036,312.8,-4682.036,344,-477.101,283.5,-558.355,287.8,-558.355,287.8,558.355,287.8,-477.101,287.8,477.101,287.8,5270.698,287.8,-5270.698,287.8,-558.355,287.8,558.355,287.8,-11546.546,287.8,558.355,287.8,558.355,287.8,5270.698,287.8,4682.036,287.8,477.101,1.1,-1.732,316,5270.698,316,-5270.698,287.7,11546.546,287.7,-11546.546
0.028743718592964825,191.9,-6844.423,181.3,-472.377,208.5,-6513.77,201.1,6513.77,201.1,-6513.77,228.1,-664.306,181.3,-472.377,180.6,-472.377,180.6,472.377,180.6,-664.306,180.6,664.306,180.7,6844.423,180.7,-6844.423,180.6,-472.377,180.6,472.377,180.6,-14967.253,180.6,472.377,180.6,472.377,180.6,6844.423,180.6,6513.77,180.6,664.306,1.5,1.337,191.9,6844.423,191.9,-6844.423,180.6,14967.253,180.6,-14967.253
0.028944723618090452,51,-6962.441,74.3,-640.915,65.1,-7572.834,62.4,7572.834,62.4,-7572.834,83.4,-756.869,74.3,-640.915,55.4,-640.915,55.4,640.915,55.4,-756.869,55.4,756.869,55.4,6962.441,55.4,-6962.441,55.4,-640.915,55.4,640.915,55.4,-16573.974,55.4,640.915,55.4,640.915,55.4,6962.441,55.4,7572.834,55.4,756.869,1.6,3.33,51,6962.441,51,-6962.441,55.4,16573.974,55.4,-16573.974
0.02914572864321608,-83.3,-6383.249,-77.6,-819.441,-87.7,-7428.225,-85.2,7428.225,-85.2,-7428.225,-68.9,-742.407,-77.6,-819.441,-77.2,-819.441,-77.2,819.441,-77.2,-742.407,-77.2,742.407,-77.2,6383.249,-77.2,-6383.249,-77.2,-819.441,-77.2,819.441,-77.2,-16192.762,-77.2,819.441,-77.2,819.441,-77.2,6383.249,-77.2,7428.225,-77.2,742.407,1.6,-0.269,-83.3,6383.249,-83.3,-6383.249,-77.2,16192.762,-77.2,-16192.762
0.029346733668341708,-206.4,-5858.076,-224.8,-581.017,-226.2,-6200.848,-219.5,6200.848,-219.5,-6200.848,-209.4,-642.26,-224.8,-581.017,-199.5,-581.017,-199.5,581.017,-199.5,-642.26,-199.5,642.26,-199.5,5858.076,-199.5,-5858.076,-199.5,-581.017,-199.5,581.017,-199.5,-13863.218,-199.5,581.017,-199.5,581.017,-199.5,5858.076,-199.5,6200.848,-199.5,642.26,1.4,-3.891,-206.4,5858.076,-206.4,-5858.076,-199.5,13863.218,-199.5,-13863.218
0.029547738693467336,-314.9,-4752.08,-305.3,-257.848,-331.6,-4172.529,-321.9,4172.529,-321.9,-4172.529,-322.2,-468.505,-305.3,-257.848,-293.9,-257.848,-293.9,257.848,-293.9,-468.505,-293.9,468.505,-293.9,4752.08,-293.9,-4752.08,-293.9,-257.848,-293.9,257.848,-293.9,-9908.81,-293.9,257.848,-293.9,257.848,-293.9,4752.08,-293.9,4172.529,-293.9,468.505,1,-2.921,-314.9,4752.08,-314.9,-4752.08,-293.9,9908.81,-293.9,-9908.81
0.029748743718592964,-388.3,-2355.411,-350.4,-226.76,-391.6,-1794.18,-381.5,1794.18,-381.5,-1794.18,-394,-240.466,-350.4,-226.76,-352.6,-226.76,-352.6,226.76,-352.6,-240.466,-352.6,240.466,-352.6,2355.411,-352.6,-2355.411,-352.6,-226.76,-352.6,226.76,-352.6,-4843.577,-352.6,226.76,-352.6,226.76,-352.6,2355.411,-352.6,1794.18,-352.6,240.466,0.5,-0.92,-388.3,2355.411,-388.3,-2355.411,-352.5,4843.577,-352.5,-4843.577
0.029949748743718592,-405.8,592.803,-391,-119.555,-405.1,392.965,-396.3,-392.965,-396.3,392.965,-418.1,0.305,-391,-119.555,-371.1,-119.555,-371.1,119.555,-371.1,0.305,-371.1,-0.305,-371.1,-592.803,-371.1,592.803,-371.1,-119.555,-371.1,119.555,-371.1,746.963,-371.1,119.555,-371.1,119.555,-371.1,-592.803,-371.1,-392.965,-371.1,-0.305,-0.1,-1.953,-405.8,-592.803,-405.8,592.803,-371,-746.963,-371,746.963
0.03015075376884422,-368.6,2979.244,-374.2,315.081,-377.4,2359.766,-368.5,-2359.766,-368.5,2359.766,-394.7,230.789,-374.2,315.081,-343.3,315.081,-343.3,-315.081,-343.3,230.789,-343.3,-230.789,-343.3,-2979.244,-343.3,2979.244,-343.3,315.081,-343.3,-315.081,-343.3,6199.961,-343.3,-315.081,-343.3,-315.081,-343.3,-2979.244,-343.3,-2359.766,-343.3,-230.789,-0.6,-3.755,-368.5,-2979.244,-368.5,2979.244,-343.2,-6199.961,-343.2,6199.961
0.030351758793969848,-290.6,4695.014,-275.4,597.377,-309.1,4473.051,-299.2,-4473.051,-299.2,4473.051,-325.8,452.299,-275.4,597.377,-271.4,597.377,-271.4,-597.377,-271.4,452.299,-271.4,-452.299,-271.4,-4695.014,-271.4,4695.014,-271.4,597.377,-271.4,-597.377,-271.3,10815.117,-271.3,-597.377,-271.3,-597.377,-271.3,-4695.014,-271.3,-4473.051,-271.3,-452.299,-1,-2.758,-290.6,-4695.014,-290.6,4695.014,-271.3,-10815.117,-271.3,10815.117
0.03055276381909548,-182.8,5943.204,-161.4,503.467,-198.2,6454.058,-190.7,-6454.058,-190.7,6454.058,-215.4,634.169,-161.4,503.467,-170.1,503.467,-170.1,-503.467,-170.1,634.169,-170.1,-634.169,-170.1,-5943.204,-170.1,5943.204,-170.1,503.467,-170.1,-503.467,-170.1,14038.365,-170.1,-503.467,-170.1,-503.467,-170.1,-5943.204,-170.1,-6454.058,-170.1,-634.169,-1.4,-0.311,-182.8,-5943.204,-182.8,5943.204,-170,-14038.365,-170,14038.365
0.030753768844221107,-56.4,6493.513,-65.3,507.56,-57.1,7334.997,-56,-7334.997,-56,7334.997,-77.6,716.657,-65.3,507.56,-53.6,507.56,-53.6,-507.56,-53.6,716.657,-53.6,-716.657,-53.6,-6493.513,-53.6,6493.513,-53.6,507.56,-53.6,-507.56,-53.6,15560.287,-53.6,-507.56,-53.6,-507.56,-53.6,-6493.513,-53.6,-7334.997,-53.6,-716.657,-1.5,0.479,-56.4,-6493.513,-56.4,6493.513,-53.6,-15560.287,-53.6,15560.287
0.030954773869346735,73.4,6338.849,58.8,724.509,86.6,6763.846,82.4,-6763.846,82.4,6763.846,65,687.368,58.8,724.509,69.6,724.509,69.6,-724.509,69.6,687.368,69.6,-687.368,69.6,-6338.849,69.6,6338.849,69.6,724.509,69.6,-724.509,69.6,15239.081,69.6,-724.509,69.6,-724.509,69.6,-6338.849,69.6,-6763.846,69.6,-687.368,-1.5,0.053,73.4,-6338.849,73.4,6338.849,69.6,-15239.081,69.6,15239.081
0.031155778894472363,195.8,5762.368,205.4,656.426,209.6,5420.438,203.7,-5420.438,203.7,5420.438,194.1,589.156,205.4,656.426,186.3,656.426,186.3,-656.426,186.3,589.156,186.3,-589.156,186.3,-5762.368,186.3,5762.368,186.3,656.426,186.3,-656.426,186.3,13084.812,186.3,-656.426,186.3,-656.426,186.3,-5762.368,186.3,-5420.438,186.3,-589.156,-1.3,0.754,195.8,-5762.368,195.8,5762.368,186.3,-13084.812,186.3,13084.812
0.03135678391959799,300.3,4458.495,300.3,279.264,303.5,3901.06,296.9,-3901.06,296.9,3901.06,299,445.88,300.3,279.264,277.5,279.264,277.5,-279.264,277.5,445.88,277.5,-445.88,277.5,-4458.495,277.5,4458.495,277.5,279.264,277.5,-279.264,277.5,9363.965,277.5,-279.264,277.5,-279.264,277.5,-4458.495,277.5,-3901.06,277.5,-445.88,-0.9,2.457,300.3,-4458.495,300.3,4458.495,277.5,-9363.965,277.5,9363.965
0.031557788944723615,367,2017.335,332.8,101.751,364.7,2116.87,356.2,-2116.87,356.2,2116.87,369.6,247.873,332.8,101.751,331.7,101.751,331.7,-101.751,331.7,247.873,331.7,-247.873,331.7,-2017.335,331.7,2017.335,331.7,101.751,331.7,-101.751,331.7,4585.58,331.7,-101.751,331.7,-101.751,331.7,-2017.335,331.7,-2116.87,331.7,-247.873,-0.5,3.072,367,-2017.335,367,2017.335,331.7,-4585.58,331.7,4585.58
0.03175879396984924,378.7,-794.327,353.7,92.283,385.9,-56.55,375.9,56.55,375.9,-56.55,395.8,8.722,353.7,92.283,347.2,92.283,347.2,-92.283,347.2,8.722,347.2,-8.722,347.2,794.327,347.2,-794.327,347.2,92.283,347.2,-92.283,347.2,-657.591,347.2,-92.283,347.2,-92.283,347.2,794.327,347.2,56.55,347.2,-8.722,0.1,2.358,378.7,794.327,378.7,-794.327,347.1,657.591,347.1,-657.591
0.03195979899497487,341,-2780.588,350,-184.965,361.4,-2384.388,351.1,2384.388,351.1,-2384.388,373.3,-228.95,350,-184.965,322.2,-184.965,322.2,184.965,322.2,-228.95,322.2,228.95,322.2,2780.588,322.2,-2780.588,322.2,-184.965,322.2,184.965,322.2,-5763.857,322.2,184.965,322.2,184.965,322.2,2780.588,322.2,2384.388,322.2,228.95,0.6,1.905,341,2780.588,341,-2780.588,322.2,5763.857,322.2,-5763.857
0.032160804020100506,272.2,-4019.44,272.3,-554.877,291.1,-4550.487,282.1,4550.487,282.1,-4550.487,305.8,-435.8,272.3,-554.877,257,-554.877,257,554.877,257,-435.8,257,435.8,257,4019.44,257,-4019.44,257,-554.877,257,554.877,257,-10115.48,257,554.877,257,554.877,257,4019.44,257,4550.487,257,435.8,1,1.977,272.1,4019.44,272.1,-4019.44,256.9,10115.48,256.9,-10115.48
0.032361809045226134,178.9,-5289.85,152.7,-571.486,182.1,-6153.018,176.7,6153.018,176.7,-6153.018,201.5,-591.208,152.7,-571.486,161.7,-571.486,161.7,571.486,161.7,-591.208,161.7,591.208,161.7,5289.85,161.7,-5289.85,161.7,-571.486,161.7,571.486,161.7,-13177.047,161.7,571.486,161.7,571.486,161.7,5289.85,161.7,6153.018,161.7,591.208,1.3,1.466,178.9,5289.85,178.9,-5289.85,161.6,13177.047,161.6,-13177.047
0.03256281407035176,60.6,-6371.77,51.7,-459.243,51.1,-6673.858,51,6673.858,51,-6673.858,73.8,-662.842,51.7,-459.243,51.3,-459.243,51.3,459.243,51.3,-662.842,51.3,662.842,51.3,6371.77,51.3,-6371.77,51.3,-459.243,51.3,459.243,51.3,-14626.955,51.3,459.243,51.3,459.243,51.3,6371.77,51.3,6673.858,51.3,662.842,1.4,0.221,60.6,6371.77,60.6,-6371.77,51.3,14626.955,51.3,-14626.955
0.03276381909547739,-70.1,-6427.798,-50.5,-593.002,-78.5,-6085.678,-75,6085.678,-75,-6085.678,-58.6,-640.612,-50.5,-593.002,-64.1,-593.002,-64.1,593.002,-64.1,-640.612,-64.1,640.612,-64.1,6427.798,-64.1,-6427.798,-64.1,-593.002,-64.1,593.002,-64.1,-14340.091,-64.1,593.002,-64.1,593.002,-64.1,6427.798,-64.1,6085.678,-64.1,640.612,1.4,-0.843,-70.1,6427.798,-70.1,-6427.798,-64.2,14340.091,-64.2,-14340.091
0.03296482412060302,-190.5,-5407.456,-182.3,-661.066,-190.6,-5048.771,-186.4,5048.771,-186.4,-5048.771,-179.6,-556.402,-182.3,-661.066,-174,-661.066,-174,661.066,-174,-556.402,-174,556.402,-174,5407.456,-174,-5407.456,-174,-661.066,-174,661.066,-174,-12334.761,-174,661.066,-174,661.066,-174,5407.456,-174,5048.771,-174,556.402,1.2,-1.344,-190.5,5407.456,-190.5,-5407.456,-174,12334.761,-174,-12334.761
0.033165829145728645,-283.6,-3782.961,-288.3,-344.727,-281.2,-3940.301,-276.1,3940.301,-276.1,-3940.301,-279.6,-430.403,-288.3,-344.727,-261.1,-344.727,-261.1,344.727,-261.1,-430.403,-261.1,430.403,-261.1,3782.961,-261.1,-3782.961,-261.1,-344.727,-261.1,344.727,-261.1,-8843.119,-261.1,344.727,-261.1,344.727,-261.1,3782.961,-261.1,3940.301,-261.1,430.403,0.9,-1.782,-283.6,3782.961,-283.6,-3782.961,-261.1,8843.119,-261.1,-8843.119
0.03336683417085427,-339.5,-1714.057,-321.5,-32.406,-345.5,-2322.5,-336.8,2322.5,-336.8,-2322.5,-348.6,-245.048,-321.5,-32.406,-311.8,-32.406,-311.8,32.406,-311.8,-245.048,-311.8,245.048,-311.8,1714.057,-311.8,-1714.057,-311.8,-32.406,-311.8,32.406,-311.8,-4346.416,-311.8,32.406,-311.8,32.406,-311.8,1714.057,-311.8,2322.5,-311.8,245.048,0.4,-2.352,-339.5,1714.057,-339.5,-1714.057,-311.7,4346.416,-311.7,-4346.416
0.0335678391959799,-351.2,526.63,-323.2,-14.403,-369.1,78.119,-357.6,-78.119,-357.6,78.119,-374.3,-5.677,-323.2,-14.403,-324.9,-14.403,-324.9,14.403,-324.9,-5.677,-324.9,5.677,-324.9,-526.63,-324.9,526.63,-324.9,-14.403,-324.9,14.403,-324.9,570.265,-324.9,14.403,-324.9,14.403,-324.9,-526.63,-324.9,-78.119,-324.9,5.677,-0.1,-2.569,-351.2,-526.63,-351.2,526.63,-324.8,-570.265,-324.8,570.265
0.03376884422110553,-321.5,2329.311,-320.8,90.99,-341.5,2611.638,-331.3,-2611.638,-331.3,2611.638,-351.2,229.714,-320.8,90.99,-302.5,90.99,-302.5,-90.99,-302.5,229.714,-302.5,-229.714,-302.5,-2329.311,-302.5,2329.311,-302.5,90.99,-302.5,-90.99,-302.5,5352.643,-302.5,-90.99,-302.5,-90.99,-302.5,-2329.311,-302.5,-2611.638,-302.5,-229.714,-0.5,-2.213,-321.4,-2329.311,-321.4,2329.311,-302.5,-5352.643,-302.5,5352.643
0.03396984924623116,-260.8,3672.676,-267.5,452.438,-268.8,4470.361,-262.2,-4470.361,-262.2,4470.361,-285.6,412.251,-267.5,452.438,-243.9,452.438,-243.9,-452.438,-243.9,412.251,-243.9,-412.251,-243.9,-3672.676,-243.9,3672.676,-243.9,452.438,-243.9,-452.438,-243.9,9460.164,-243.9,-452.438,-243.9,-452.438,-243.9,-3672.676,-243.9,-4470.361,-243.9,-412.251,-0.9,-1.631,-260.8,-3672.676,-260.8,3672.676,-243.9,-9460.164,-243.9,9460.164
0.034170854271356785,-173.1,5081.48,-152.6,624.381,-167.3,5509.801,-163.8,-5509.801,-163.8,5509.801,-189.2,539.001,-152.6,624.381,-154.3,624.381,-154.3,-624.381,-154.3,539.001,-154.3,-539.001,-154.3,-5081.48,-154.3,5081.48,-154.3,624.381,-154.3,-624.381,-154.3,12379.045,-154.3,-624.381,-154.3,-624.381,-154.3,-5081.48,-154.3,-5509.801,-154.3,-539.001,-1.2,-1.062,-173.1,-5081.48,-173.1,5081.48,-154.2,-12379.045,-154.2,12379.045
0.03437185929648241,-57.9,6260.981,-38.9,487.505,-51.5,5913.063,-50.5,-5913.063,-50.5,5913.063,-72.6,610.534,-38.9,487.505,-48.2,487.505,-48.2,-487.505,-48.2,610.534,-48.2,-610.534,-48.3,-6260.981,-48.3,6260.981,-48.2,487.505,-48.2,-487.505,-48.2,13759.589,-48.2,-487.505,-48.2,-487.505,-48.2,-6260.981,-48.2,-5913.063,-48.2,-610.534,-1.3,-0.361,-57.8,-6260.981,-57.8,6260.981,-48.2,-13759.589,-48.2,13759.589
0.03457286432160804,70,6195.76,52.6,469.078,66.5,5740.626,65.1,-5740.626,65.1,5740.626,51.4,610.386,52.6,469.078,60.4,469.078,60.4,-469.078,60.4,610.386,60.4,-610.386,60.4,-6195.76,60.4,6195.76,60.4,469.078,60.4,-469.078,60.4,13484.929,60.4,-469.078,60.4,-469.078,60.4,-6195.76,60.4,-5740.626,60.4,-610.386,-1.3,0.525,70,-6195.76,70,6195.76,60.5,-13484.929,60.5,13484.929
0.03477386934673367,182.2,4836.511,160,584.803,175.9,5066.36,172.5,-5066.36,172.5,5066.36,167.9,537.811,160,584.803,162.1,584.803,162.1,-584.803,162.1,537.811,162.1,-537.811,162.1,-4836.511,162.1,4836.511,162.1,584.803,162.1,-584.803,162.1,11610.288,162.1,-584.803,162.1,-584.803,162.1,-4836.511,162.1,-5066.36,162.1,-537.811,-1.1,1.344,182.2,-4836.511,182.2,4836.511,162.1,-11610.288,162.1,11610.288
0.034974874371859296,262.7,3193.333,266.8,412.943,267.2,3925.434,261.3,-3925.434,261.3,3925.434,263.9,408.268,266.8,412.943,244,412.943,244,-412.943,244,408.268,244,-408.268,244,-3193.333,244,3193.333,244,412.943,244,-412.943,244,8352.921,244,-412.943,244,-412.943,244,-3193.333,244,-3925.434,244,-408.268,-0.8,1.874,262.7,-3193.333,262.7,3193.333,244,-8352.921,244,8352.921
0.035175879396984924,311.9,1702.329,311.9,46.66,329.2,2116.208,319.8,-2116.208,319.8,2116.208,328.4,225.033,311.9,46.66,292.9,46.66,292.9,-46.66,292.9,225.033,292.9,-225.033,292.9,-1702.329,292.9,1702.329,292.9,46.66,292.9,-46.66,292.9,4136.89,292.9,-46.66,292.9,-46.66,292.9,-1702.329,292.9,-2116.208,292.9,-225.033,-0.4,2.152,311.9,-1702.329,311.9,1702.329,292.9,-4136.89,292.9,4136.89
0.03537688442211055,329.3,-30.665,304,-71.151,347.9,-312.56,336.8,312.56,336.8,-312.56,351.4,-0.016,304,-71.151,305.4,-71.151,305.4,71.151,305.4,-0.016,305.4,0.016,305.4,30.665,305.4,-30.665,305.4,-71.151,305.4,71.151,305.4,-485.542,305.4,71.151,305.4,71.151,305.4,30.665,305.4,312.56,305.4,0.016,0,2.254,329.3,30.665,329.3,-30.665,305.3,485.542,305.3,-485.542
0.03557788944723618,308.8,-2008.598,291.8,-73.255,317.5,-2608.946,308.9,2608.946,308.9,-2608.946,329,-216.855,291.8,-73.255,284.5,-73.255,284.5,73.255,284.5,-216.855,284.5,216.855,284.5,2008.598,284.5,-2008.598,284.5,-73.255,284.5,73.255,284.5,-4980.91,284.5,73.255,284.5,73.255,284.5,2008.598,284.5,2608.946,284.5,216.855,0.5,2.118,308.8,2008.598,308.8,-2008.598,284.5,4980.91,284.5,-4980.91
0.03577889447236181,250.3,-3743.914,255.2,-335.69,248.9,-4059.968,244.1,4059.968,244.1,-4059.968,268,-379.945,255.2,-335.69,230.8,-335.69,230.8,335.69,230.8,-379.945,230.8,379.945,230.9,3743.914,230.9,-3743.914,230.8,-335.69,230.8,335.69,230.8,-8855.207,230.8,335.69,230.8,335.69,230.8,3743.914,230.8,4059.968,230.8,379.945,0.9,1.668,250.3,3743.914,250.3,-3743.914,230.8,8855.207,230.8,-8855.207
0.035979899497487436,161.2,-5055.891,155.2,-617.609,158.8,-4842.843,155.6,4842.843,155.6,-4842.843,179.5,-493.865,155.2,-617.609,146.8,-617.609,146.8,617.609,146.8,-493.865,146.8,493.865,146.8,5055.891,146.8,-5055.891,146.8,-617.609,146.8,617.609,146.8,-11627.817,146.8,617.609,146.8,617.609,146.8,5055.891,146.8,4842.843,146.8,493.865,1.1,0.99,161.2,5055.891,161.2,-5055.891,146.7,11627.817,146.7,-11627.817
0.036180904522613064,50.6,-5828.665,32.5,-547.478,55.2,-5443.67,52.5,5443.67,52.5,-5443.67,71.7,-571.921,32.5,-547.478,45.3,-547.478,45.3,547.478,45.3,-571.921,45.3,571.921,45.3,5828.665,45.3,-5828.665,45.3,-547.478,45.3,547.478,45.3,-12939.212,45.3,547.478,45.3,547.478,45.3,5828.665,45.3,5443.67,45.3,571.921,1.3,0.247,50.5,5828.665,50.5,-5828.665,45.3,12939.212,45.3,-12939.212
0.03638190954773869,-66.3,-5603.852,-59.3,-395.103,-57.7,-5692.268,-57.7,5692.268,-57.7,-5692.268,-46.2,-588.418,-59.3,-395.103,-57.1,-395.103,-57.1,395.103,-57.1,-588.418,-57.1,588.418,-57.1,5603.852,-57.1,-5603.852,-57.1,-395.103,-57.1,395.103,-57.1,-12674.745,-57.1,395.103,-57.1,395.103,-57.1,5603.852,-57.1,5692.268,-57.1,588.418,1.2,-0.484,-66.3,5603.852,-66.3,-5603.852,-57.1,12674.745,-57.1,-12674.745
0.03658291457286432,-167.9,-4394.092,-143.1,-464.075,-167.7,-5084.529,-163.4,5084.529,-163.4,-5084.529,-158.8,-516.976,-143.1,-464.075,-150.5,-464.075,-150.5,464.075,-150.5,-516.976,-150.5,516.976,-150.6,4394.092,-150.6,-4394.092,-150.5,-464.075,-150.5,464.075,-150.5,-10923.748,-150.5,464.075,-150.5,464.075,-150.5,4394.092,-150.5,5084.529,-150.5,516.976,1.1,-1.18,-167.9,4394.092,-167.9,-4394.092,-150.5,10923.748,-150.5,-10923.748
0.03678391959798995,-242,-3022.414,-239.7,-444.788,-256.2,-3608.75,-248.8,3608.75,-248.8,-3608.75,-249.4,-375.877,-239.7,-444.788,-227.2,-444.788,-227.2,444.788,-227.2,-375.877,-227.2,375.877,-227.2,3022.414,-227.2,-3022.414,-227.2,-444.788,-227.2,444.788,-227.2,-7896.616,-227.2,444.788,-227.2,444.788,-227.2,3022.414,-227.2,3608.75,-227.2,375.877,0.8,-1.751,-242,3022.414,-242,-3022.414,-227.1,7896.616,-227.1,-7896.616
0.036984924623115575,-291,-1844.541,-299.8,-122.866,-309.6,-1660.714,-300.8,1660.714,-300.8,-1660.714,-307.6,-198.862,-299.8,-122.866,-275.5,-122.866,-275.5,122.866,-275.5,-198.862,-275.5,198.862,-275.5,1844.541,-275.5,-1844.541,-275.5,-122.866,-275.5,122.866,-275.5,-3949.848,-275.5,122.866,-275.5,122.866,-275.5,1844.541,-275.5,1660.714,-275.5,198.862,0.4,-2.077,-291,1844.541,-291,-1844.541,-275.5,3949.848,-275.5,-3949.848
0.0371859296482412,-313.2,-239.12,-294.6,125.731,-322.2,401.743,-313.4,-401.743,-313.4,401.743,-328,-3.084,-294.6,125.731,-288.4,125.731,-288.4,-125.731,-288.4,-3.084,-288.4,3.084,-288.4,239.12,-288.4,-239.12,-288.4,125.731,-288.4,-125.731,-288.4,411,-288.4,-125.731,-288.4,-125.731,-288.4,239.12,-288.4,-401.743,-288.4,3.084,0,-2.128,-313.1,239.12,-313.1,-239.12,-288.3,-411,-288.3,411
0.03738693467336683,-296.2,1975.682,-267.4,127.662,-295.1,2230.065,-287.9,-2230.065,-287.9,2230.065,-308.9,190.064,-267.4,127.662,-267.8,127.662,-267.8,-127.662,-267.8,190.064,-267.8,-190.064,-267.8,-1975.682,-267.8,1975.682,-267.8,127.662,-267.8,-127.662,-267.8,4651.135,-267.8,-127.662,-267.8,-127.662,-267.8,-1975.682,-267.8,-2230.065,-267.8,-190.064,-0.5,-1.954,-296.1,-1975.682,-296.1,1975.682,-267.7,-4651.135,-267.7,4651.135
0.03758793969849246,-235.8,3895.689,-234.4,247.354,-236.1,3553.774,-231,-3553.774,-231,3553.774,-253.9,349.725,-234.4,247.354,-217.1,247.354,-217.1,-247.354,-217.1,349.725,-217.1,-349.725,-217.1,-3895.689,-217.1,3895.689,-217.1,247.354,-217.1,-247.354,-217,8293.895,-217,-247.354,-217,-247.354,-217,-3895.689,-217,-3553.774,-217,-349.725,-0.8,-1.567,-235.8,-3895.689,-235.8,3895.689,-217,-8293.895,-217,8293.895
0.03778894472361809,-146.3,4854.785,-154.9,540.064,-154.7,4506.817,-150.5,-4506.817,-150.5,4506.817,-171.2,466.671,-154.9,540.064,-138.9,540.064,-138.9,-540.064,-138.9,466.671,-138.9,-466.671,-139,-4854.785,-139,4854.785,-138.9,540.064,-138.9,-540.064,-138.9,10908.4,-138.9,-540.064,-138.9,-540.064,-138.9,-4854.785,-138.9,-4506.817,-138.9,-466.671,-1.1,-0.967,-146.3,-4854.785,-146.3,4854.785,-138.9,-10908.4,-138.9,10908.4
0.03798994974874372,-45.2,5129.265,-34.9,589.469,-55.7,5305.258,-52.4,-5305.258,-52.4,5305.258,-68.9,544.205,-34.9,589.469,-43.5,589.469,-43.5,-589.469,-43.5,544.205,-43.5,-544.205,-43.5,-5129.265,-43.5,5129.265,-43.5,589.469,-43.5,-589.469,-43.5,12157.666,-43.5,-589.469,-43.5,-589.469,-43.5,-5129.265,-43.5,-5305.258,-43.5,-544.205,-1.2,-0.241,-45.2,-5129.265,-45.2,5129.265,-43.5,-12157.666,-43.5,12157.666
0.03819095477386935,57.3,4989.019,64.1,390.764,55.2,5589.03,54.8,-5589.03,54.8,5589.03,43.4,559.417,64.1,390.764,53.1,390.764,53.1,-390.764,53.1,559.417,53.1,-559.417,53.1,-4989.019,53.1,4989.019,53.1,390.764,53.1,-390.764,53.1,11918.995,53.1,-390.764,53.1,-390.764,53.1,-4989.019,53.1,-5589.03,53.1,-559.417,-1.2,0.471,57.3,-4989.019,57.3,4989.019,53.1,-11918.995,53.1,11918.995
0.03839195979899498,151.6,4295.949,134.4,353.071,161.5,4798.747,156.1,-4798.747,156.1,4798.747,149.9,485.485,134.4,353.071,140.1,353.071,140.1,-353.071,140.1,485.485,140.1,-485.485,140.1,-4295.949,140.1,4295.949,140.1,353.071,140.1,-353.071,140.1,10286.324,140.1,-353.071,140.1,-353.071,140.1,-4295.949,140.1,-4798.747,140.1,-485.485,-1,1.102,151.6,-4295.949,151.6,4295.949,140.1,-10286.324,140.1,10286.324
0.038592964824120606,226.9,3156.748,213.9,417.705,242.1,3130.704,234.3,-3130.704,234.3,3130.704,233.9,343.81,213.9,417.705,211.8,417.705,211.8,-417.705,211.8,343.81,211.8,-343.81,211.9,-3156.748,211.9,3156.748,211.8,417.705,211.8,-417.705,211.8,7466.672,211.8,-417.705,211.8,-417.705,211.8,-3156.748,211.8,-3130.704,211.8,-343.81,-0.7,1.623,226.9,-3156.748,226.9,3156.748,211.8,-7466.672,211.8,7466.672
0.03879396984924623,277.3,1818.659,282.3,208.155,286.8,1351.823,279.7,-1351.823,279.7,1351.823,286.8,181.775,282.3,208.155,259.2,208.155,259.2,-208.155,259.2,181.775,259.2,-181.775,259.2,-1818.659,259.2,1818.659,259.2,208.155,259.2,-208.155,259.2,3768.568,259.2,-208.155,259.2,-208.155,259.2,-1818.659,259.2,-1351.823,259.2,-181.775,-0.4,1.947,277.3,-1818.659,277.3,1818.659,259.2,-3768.568,259.2,3768.568
0.03899497487437186,297.5,97.424,288.5,-126.919,298,-206.61,291.4,206.61,291.4,-206.61,306.7,14.371,288.5,-126.919,272.7,-126.919,272.7,126.919,272.7,14.371,272.7,-14.371,272.7,-97.424,272.7,97.424,272.7,-126.919,272.7,126.919,272.7,-348.653,272.7,126.919,272.7,126.919,272.7,-97.424,272.7,206.61,272.7,-14.371,0,2.024,297.4,-97.424,297.4,97.424,272.6,348.653,272.6,-348.653
0.03919597989949749,278.3,-2025.138,249.9,-210.136,278.6,-1741.301,271.6,1741.301,271.6,-1741.301,291.8,-163.358,249.9,-210.136,251.9,-210.136,251.9,210.136,251.9,-163.358,251.9,163.358,251.9,2025.138,251.9,-2025.138,251.9,-210.136,251.9,210.136,251.9,-4350.069,251.9,210.136,251.9,210.136,251.9,2025.138,251.9,1741.301,251.9,163.358,0.4,1.842,278.2,2025.138,278.2,-2025.138,251.8,4350.069,251.8,-4350.069
0.03939698492462312,218.8,-3743.533,209.9,-211.243,228,-3269.526,221.4,3269.526,221.4,-3269.526,241.7,-330.124,209.9,-211.243,203.1,-211.243,203.1,211.243,203.1,-330.124,203.1,330.124,203.2,3743.533,203.2,-3743.533,203.1,-211.243,203.1,211.243,203.1,-7765.669,203.1,211.243,203.1,211.243,203.1,3743.533,203.1,3269.526,203.1,330.124,0.8,1.46,218.8,3743.533,218.8,-3743.533,203.1,7765.669,203.1,-7765.669
0.039597989949748745,135.1,-4421.575,149.2,-421.783,149.1,-4503.188,144.4,4503.188,144.4,-4503.188,162.2,-451.774,149.2,-421.783,131.3,-421.783,131.3,421.783,131.3,-451.774,131.3,451.774,131.3,4421.575,131.3,-4421.575,131.3,-421.783,131.3,421.783,131.3,-10220.102,131.3,421.783,131.3,421.783,131.3,4421.575,131.3,4503.188,131.3,451.774,1,0.91,135.1,4421.575,135.1,-4421.575,131.3,10220.102,131.3,-10220.102
0.03979899497487437,44.9,-4532.354,43.6,-583.565,50.5,-5203.654,48.4,5203.654,48.4,-5203.654,64,-515.731,43.6,-583.565,43,-583.565,43,583.565,43,-515.731,43,515.731,43,4532.354,43,-4532.354,43,-583.565,43,583.565,43,-11418.87,43,583.565,43,583.565,43,4532.354,43,5203.654,43,515.731,1.1,0.248,44.8,4532.354,44.8,-4532.354,43,11418.87,43,-11418.87
0.04,-47.4,-4646.004,-63.2,-439.986,-55.2,-5177.694,-53.7,5177.694,-53.7,-5177.694,-41,-517.901,-63.2,-439.986,-48.7,-439.986,-48.7,439.986,-48.7,-517.901,-48.7,517.901,-48.7,4646.004,-48.7,-4646.004,-48.7,-439.986,-48.7,439.986,-48.7,-11221.571,-48.7,439.986,-48.7,439.986,-48.7,4646.004,-48.7,5177.694,-48.7,517.901,1.1,-0.433,-47.5,4646.004,-47.5,-4646.004,-48.7,11221.571,-48.7,-11221.571
